dataset,seed,mode,index,val_score,y_val,test_score,y_test
streamspot,42,topo_only,0,0.09536366313695907,1,0.09832232743501663,1
streamspot,42,topo_only,1,0.4159205198287964,0,0.22441246509552001,0
streamspot,42,topo_only,2,0.6098405122756958,1,0.09211349338293076,1
streamspot,42,topo_only,3,0.02737957127392292,0,0.4265644311904907,1
streamspot,42,topo_only,4,0.11426531672477722,0,0.03929640799760818,0
streamspot,42,topo_only,5,0.27541380524635317,0,0.05632364638149738,0
streamspot,42,topo_only,6,0.03458844572305679,0,0.09413306266069413,1
streamspot,42,topo_only,7,0.09748537987470626,1,0.47925915718078616,1
streamspot,42,topo_only,8,0.10546998232603073,1,0.09197714179754257,1
streamspot,42,topo_only,9,0.09940151572227478,1,0.09610999822616577,1
streamspot,42,topo_only,10,0.16373941600322722,1,0.0915749192237854,1
streamspot,42,topo_only,11,0.07566315829753875,0,0.10140321552753448,1
streamspot,42,topo_only,12,0.17175933867692947,0,0.10097362101078033,1
streamspot,42,topo_only,13,0.12887160778045653,0,0.11259539425373077,1
streamspot,42,topo_only,14,0.4137528419494629,0,0.11895177364349366,0
streamspot,42,topo_only,15,0.677346122264862,0,0.06379396617412567,0
streamspot,42,topo_only,16,0.07688798606395722,0,0.06434136852622033,0
streamspot,42,topo_only,17,0.34992762207984923,0,0.035543658584356305,0
streamspot,42,topo_only,18,0.013735720794647932,0,0.09959183633327484,1
streamspot,42,topo_only,19,0.06460873633623124,0,0.09333355724811554,1
streamspot,42,topo_only,20,0.09401084035634995,1,0.14232683032751084,0
streamspot,42,topo_only,21,0.32897345423698426,1,0.08122252002358436,0
streamspot,42,topo_only,22,0.09964536279439926,1,0.15402112901210785,0
streamspot,42,topo_only,23,0.10669962614774704,0,0.04868636690080166,0
streamspot,42,topo_only,24,0.10027117729187011,1,0.018966273032128812,0
streamspot,42,topo_only,25,0.10409433096647262,1,0.09785130769014358,1
streamspot,42,topo_only,26,0.04634443074464798,0,0.3806605935096741,0
streamspot,42,topo_only,27,0.1392599619925022,0,0.09910449981689454,1
streamspot,42,topo_only,28,0.09453868418931961,1,0.11257349252700806,1
streamspot,42,topo_only,29,0.031066760793328284,0,0.3421813309192657,1
streamspot,42,topo_only,30,0.08219513818621635,0,0.06898541823029518,0
streamspot,42,topo_only,31,0.11076079607009888,1,0.6245821297168732,1
streamspot,42,topo_only,32,0.0947972759604454,1,0.06771644353866577,0
streamspot,42,topo_only,33,0.09174667745828628,1,0.3802891969680786,1
streamspot,42,topo_only,34,0.4419639348983765,1,0.17718207240104675,0
streamspot,42,topo_only,35,0.5602614283561707,1,0.09443506002426147,1
streamspot,42,topo_only,36,0.09615955501794815,1,0.09863030165433884,1
streamspot,42,topo_only,37,0.09566942751407623,1,0.33312277793884276,1
streamspot,42,topo_only,38,0.15723906829953194,0,0.04579794853925705,0
streamspot,42,topo_only,39,0.1601195752620697,1,0.09951168447732925,1
streamspot,42,topo_only,40,,,0.09426774531602859,1
streamspot,42,topo_only,41,,,0.10333137363195419,1
streamspot,42,topo_only,42,,,0.06856033802032471,0
streamspot,42,topo_only,43,,,0.10226262360811234,1
streamspot,42,topo_only,44,,,0.054283400624990465,0
streamspot,42,topo_only,45,,,0.23192816972732544,0
streamspot,42,topo_only,46,,,0.0973015159368515,1
streamspot,42,topo_only,47,,,0.30179651975631716,1
streamspot,42,topo_only,48,,,0.07845882773399353,0
streamspot,42,topo_only,49,,,0.2686303794384003,0
streamspot,42,topo_only,50,,,0.10765529870986938,1
streamspot,42,topo_only,51,,,0.07288656234741211,0
streamspot,42,topo_only,52,,,0.09267600327730179,1
streamspot,42,topo_only,53,,,0.09520127773284912,1
streamspot,42,topo_only,54,,,0.4021261215209961,1
streamspot,42,topo_only,55,,,0.17670951932668685,0
streamspot,42,topo_only,56,,,0.09951671212911606,1
streamspot,42,topo_only,57,,,0.10017974823713302,1
streamspot,42,topo_only,58,,,0.09334802478551865,1
streamspot,42,topo_only,59,,,0.09615318328142167,1
streamspot,42,topo_only,60,,,0.13329137861728668,0
streamspot,42,topo_only,61,,,0.06599455028772354,0
streamspot,42,topo_only,62,,,0.09859969168901443,1
streamspot,42,topo_only,63,,,0.0663537759333849,0
streamspot,42,topo_only,64,,,0.09552478492259979,0
streamspot,42,topo_only,65,,,0.09336615949869156,1
streamspot,42,topo_only,66,,,0.0977254256606102,1
streamspot,42,topo_only,67,,,0.0626519575715065,0
streamspot,42,topo_only,68,,,0.09887878149747849,1
streamspot,42,topo_only,69,,,0.0932198628783226,1
streamspot,42,topo_only,70,,,0.014952655136585235,0
streamspot,42,topo_only,71,,,0.0374620970338583,0
streamspot,42,topo_only,72,,,0.07968854010105134,0
streamspot,42,topo_only,73,,,0.07919791340827942,0
streamspot,42,topo_only,74,,,0.09971106499433517,1
streamspot,42,topo_only,75,,,0.0595755098387599,0
streamspot,42,topo_only,76,,,0.0956233024597168,1
streamspot,42,topo_only,77,,,0.09991146028041839,1
streamspot,42,topo_only,78,,,0.034225545823574066,0
streamspot,42,topo_only,79,,,0.013337769638746977,0
streamspot,42,topo_only,80,,,0.6305016577243805,1
streamspot,42,topo_only,81,,,0.1436054676771164,0
streamspot,42,topo_only,82,,,0.09450650811195374,1
streamspot,42,topo_only,83,,,0.10056307464838028,0
streamspot,42,topo_only,84,,,0.03887104913592339,0
streamspot,42,topo_only,85,,,0.11215776801109315,0
streamspot,42,topo_only,86,,,0.16429818719625472,0
streamspot,42,topo_only,87,,,0.09803861975669861,1
streamspot,42,topo_only,88,,,0.09453639388084412,1
streamspot,42,topo_only,89,,,0.12827270925045015,0
streamspot,42,topo_only,90,,,0.0993715062737465,1
streamspot,42,topo_only,91,,,0.09647327661514282,1
streamspot,42,topo_only,92,,,0.09750572592020035,1
streamspot,42,topo_only,93,,,0.340643572807312,1
streamspot,42,topo_only,94,,,0.09577055424451827,1
streamspot,42,topo_only,95,,,0.09874677062034606,1
streamspot,42,topo_only,96,,,0.03925065230578184,0
streamspot,42,topo_only,97,,,0.10115638375282288,0
streamspot,42,topo_only,98,,,0.09477595239877701,1
streamspot,42,topo_only,99,,,0.09471782445907592,1
streamspot,42,topo_only,100,,,0.4423623263835907,1
streamspot,42,topo_only,101,,,0.09441590905189515,0
streamspot,42,topo_only,102,,,0.4193439960479736,1
streamspot,42,topo_only,103,,,0.09471999406814575,1
streamspot,42,topo_only,104,,,0.050106392800807954,0
streamspot,42,topo_only,105,,,0.08457844853401184,0
streamspot,42,topo_only,106,,,0.055571180582046506,0
streamspot,42,topo_only,107,,,0.03535667210817337,0
streamspot,42,topo_only,108,,,0.09541855156421661,1
streamspot,42,topo_only,109,,,0.08623763024806977,0
streamspot,42,topo_only,110,,,0.17949181348085402,0
streamspot,42,topo_only,111,,,0.06834082677960396,0
streamspot,42,topo_only,112,,,0.06040402129292488,0
streamspot,42,topo_only,113,,,0.1003361001610756,1
streamspot,42,topo_only,114,,,0.615707516670227,1
streamspot,42,topo_only,115,,,0.10028986930847168,1
streamspot,42,topo_only,116,,,0.0758299097418785,0
streamspot,42,topo_only,117,,,0.018590964190661908,0
streamspot,42,topo_only,118,,,0.136023910343647,0
streamspot,42,topo_only,119,,,0.09353338330984115,0
streamspot,42,topo_only,120,,,0.41015772223472596,1
streamspot,42,topo_only,121,,,0.30230348706245425,0
streamspot,42,topo_only,122,,,0.09757481217384338,1
streamspot,42,topo_only,123,,,0.0894316241145134,0
streamspot,42,topo_only,124,,,0.09575523287057877,1
streamspot,42,topo_only,125,,,0.4708300828933716,0
streamspot,42,topo_only,126,,,0.3377711415290833,0
streamspot,42,topo_only,127,,,0.5475813627243042,1
streamspot,42,topo_only,128,,,0.37751365303993223,1
streamspot,42,topo_only,129,,,0.10363828837871551,1
streamspot,42,topo_only,130,,,0.017105731926858426,0
streamspot,42,topo_only,131,,,0.1193203616887331,0
streamspot,42,topo_only,132,,,0.0855829395353794,0
streamspot,42,topo_only,133,,,0.034911113977432254,0
streamspot,42,topo_only,134,,,0.11012162268161774,0
streamspot,42,topo_only,135,,,0.018124767392873765,0
streamspot,42,topo_only,136,,,0.1471814915537834,0
streamspot,42,topo_only,137,,,0.06470387727022171,0
streamspot,42,topo_only,138,,,0.06737439110875129,0
streamspot,42,topo_only,139,,,0.0958963006734848,1
streamspot,42,topo_only,140,,,0.09621689170598983,1
streamspot,42,topo_only,141,,,0.6274244308471679,1
streamspot,42,topo_only,142,,,0.11641338467597961,1
streamspot,42,topo_only,143,,,0.24226370751857756,1
streamspot,42,topo_only,144,,,0.09750761091709137,1
streamspot,42,topo_only,145,,,0.09718427062034607,0
streamspot,42,topo_only,146,,,0.5783552467823029,1
streamspot,42,topo_only,147,,,0.2803726434707642,1
streamspot,42,topo_only,148,,,0.5503842234611511,1
streamspot,42,topo_only,149,,,0.15676051303744315,0
streamspot,42,topo_only,150,,,0.10480773746967316,1
streamspot,42,topo_only,151,,,0.25005035698413847,0
streamspot,42,topo_only,152,,,0.05788326114416122,0
streamspot,42,topo_only,153,,,0.09043356999754906,0
streamspot,42,topo_only,154,,,0.1285273015499115,0
streamspot,42,topo_only,155,,,0.021677775122225285,0
streamspot,42,topo_only,156,,,0.00788273406215012,0
streamspot,42,topo_only,157,,,0.04512017332017422,0
streamspot,42,topo_only,158,,,0.1015083596110344,1
streamspot,42,topo_only,159,,,0.05574127435684204,0
streamspot,43,topo_only,0,0.0888382226228714,1,0.6124900579452515,1
streamspot,43,topo_only,1,0.1998663291335106,0,0.07721513658761978,0
streamspot,43,topo_only,2,0.5527023434638977,1,0.10114932134747505,0
streamspot,43,topo_only,3,0.0993289053440094,1,0.34116636514663695,1
streamspot,43,topo_only,4,0.09556778967380523,1,0.11974839121103287,1
streamspot,43,topo_only,5,0.09663410186767578,1,0.08716159015893936,1
streamspot,43,topo_only,6,0.07331656366586685,0,0.33763344436883924,0
streamspot,43,topo_only,7,0.09633185267448426,1,0.08548260182142257,1
streamspot,43,topo_only,8,0.09917407035827637,1,0.09484277814626693,1
streamspot,43,topo_only,9,0.09843978136777878,1,0.45538398027420046,1
streamspot,43,topo_only,10,0.18488877415657043,0,0.08783538192510605,1
streamspot,43,topo_only,11,0.0905872993171215,0,0.4254853785037994,1
streamspot,43,topo_only,12,0.0945721298456192,1,0.09554862976074219,1
streamspot,43,topo_only,13,0.045183290541172025,0,0.019460911490023138,0
streamspot,43,topo_only,14,0.5860225558280945,1,0.3500774443149567,1
streamspot,43,topo_only,15,0.039098984375596044,0,0.09184809029102325,1
streamspot,43,topo_only,16,0.03770202957093716,0,0.09681652933359146,1
streamspot,43,topo_only,17,0.0996164247393608,1,0.17633187621831894,0
streamspot,43,topo_only,18,0.027444172371178865,0,0.04719672705978155,0
streamspot,43,topo_only,19,0.02631312683224678,0,0.09746482074260712,1
streamspot,43,topo_only,20,0.4180614709854126,0,0.12146029621362686,0
streamspot,43,topo_only,21,0.05967566035687923,0,0.03104950301349163,0
streamspot,43,topo_only,22,0.09608363807201385,1,0.22772553265094758,1
streamspot,43,topo_only,23,0.20062866806983948,0,0.052330393344163895,0
streamspot,43,topo_only,24,0.08840403258800507,1,0.3936596900224686,0
streamspot,43,topo_only,25,0.15035062432289123,0,0.055829547345638275,0
streamspot,43,topo_only,26,0.09891203492879867,1,0.30383480787277223,1
streamspot,43,topo_only,27,0.03292928785085678,0,0.09023110717535018,1
streamspot,43,topo_only,28,0.09603875875473022,1,0.3430910110473633,0
streamspot,43,topo_only,29,0.08494903147220612,1,0.3711734414100647,1
streamspot,43,topo_only,30,0.09681815057992935,1,0.09020023792982101,1
streamspot,43,topo_only,31,0.09182975292205811,1,0.09662512391805649,1
streamspot,43,topo_only,32,0.18951502442359924,0,0.3327308680862188,0
streamspot,43,topo_only,33,0.09573837965726853,0,0.0961511567234993,1
streamspot,43,topo_only,34,0.016130117513239384,0,0.09266287535429,1
streamspot,43,topo_only,35,0.09357109218835831,1,0.030829602479934694,0
streamspot,43,topo_only,36,0.4693080961704254,0,0.09419157952070237,1
streamspot,43,topo_only,37,0.03288296684622764,0,0.14807386845350265,0
streamspot,43,topo_only,38,0.06642337329685688,0,0.09363434463739395,1
streamspot,43,topo_only,39,0.09524682462215424,1,0.19667916893959045,0
streamspot,43,topo_only,40,,,0.2696925103664398,0
streamspot,43,topo_only,41,,,0.15314650535583496,0
streamspot,43,topo_only,42,,,0.0866207242012024,0
streamspot,43,topo_only,43,,,0.05201926454901695,0
streamspot,43,topo_only,44,,,0.11182414442300796,0
streamspot,43,topo_only,45,,,0.09540626406669617,1
streamspot,43,topo_only,46,,,0.07199478857219219,0
streamspot,43,topo_only,47,,,0.0962055891752243,1
streamspot,43,topo_only,48,,,0.1067570373415947,0
streamspot,43,topo_only,49,,,0.6238611102104187,1
streamspot,43,topo_only,50,,,0.2508307874202728,0
streamspot,43,topo_only,51,,,0.09660394638776779,1
streamspot,43,topo_only,52,,,0.05905399546027183,0
streamspot,43,topo_only,53,,,0.09201966673135757,1
streamspot,43,topo_only,54,,,0.09434066414833069,1
streamspot,43,topo_only,55,,,0.09836790412664413,0
streamspot,43,topo_only,56,,,0.17304688692092896,0
streamspot,43,topo_only,57,,,0.09000461846590042,1
streamspot,43,topo_only,58,,,0.08519134819507598,1
streamspot,43,topo_only,59,,,0.25898595452308654,0
streamspot,43,topo_only,60,,,0.09881525039672852,0
streamspot,43,topo_only,61,,,0.09317756742238999,1
streamspot,43,topo_only,62,,,0.09105484336614608,1
streamspot,43,topo_only,63,,,0.09947723597288131,1
streamspot,43,topo_only,64,,,0.08677448183298112,0
streamspot,43,topo_only,65,,,0.09263130277395248,1
streamspot,43,topo_only,66,,,0.09512994885444641,1
streamspot,43,topo_only,67,,,0.09555895626544952,1
streamspot,43,topo_only,68,,,0.09492062479257583,1
streamspot,43,topo_only,69,,,0.16706531196832658,0
streamspot,43,topo_only,70,,,0.10017570108175278,1
streamspot,43,topo_only,71,,,0.10237000435590744,0
streamspot,43,topo_only,72,,,0.08872083872556687,1
streamspot,43,topo_only,73,,,0.08460906445980072,0
streamspot,43,topo_only,74,,,0.6298818469047547,1
streamspot,43,topo_only,75,,,0.031335465237498285,0
streamspot,43,topo_only,76,,,0.6283260107040405,1
streamspot,43,topo_only,77,,,0.016920169722288846,0
streamspot,43,topo_only,78,,,0.07237401008605956,1
streamspot,43,topo_only,79,,,0.0935525730252266,1
streamspot,43,topo_only,80,,,0.09474534690380096,1
streamspot,43,topo_only,81,,,0.04869688898324966,0
streamspot,43,topo_only,82,,,0.09661111012101173,0
streamspot,43,topo_only,83,,,0.08948251008987426,1
streamspot,43,topo_only,84,,,0.04893452562391758,0
streamspot,43,topo_only,85,,,0.044391197711229326,0
streamspot,43,topo_only,86,,,0.5962835311889648,1
streamspot,43,topo_only,87,,,0.5295451641082763,1
streamspot,43,topo_only,88,,,0.08590370565652847,1
streamspot,43,topo_only,89,,,0.11112606525421143,0
streamspot,43,topo_only,90,,,0.04310879334807396,0
streamspot,43,topo_only,91,,,0.13994396477937698,0
streamspot,43,topo_only,92,,,0.09758898913860321,1
streamspot,43,topo_only,93,,,0.1540410727262497,0
streamspot,43,topo_only,94,,,0.08989418148994446,1
streamspot,43,topo_only,95,,,0.1173238292336464,0
streamspot,43,topo_only,96,,,0.13644663542509078,0
streamspot,43,topo_only,97,,,0.03996060006320477,0
streamspot,43,topo_only,98,,,0.08423826396465302,0
streamspot,43,topo_only,99,,,0.05155657902359963,0
streamspot,43,topo_only,100,,,0.43752965331077576,1
streamspot,43,topo_only,101,,,0.06750134527683258,0
streamspot,43,topo_only,102,,,0.091720712184906,1
streamspot,43,topo_only,103,,,0.09630652517080307,1
streamspot,43,topo_only,104,,,0.08014129921793937,0
streamspot,43,topo_only,105,,,0.08953644856810569,0
streamspot,43,topo_only,106,,,0.028188203275203706,0
streamspot,43,topo_only,107,,,0.09593579918146133,1
streamspot,43,topo_only,108,,,0.09590812474489212,1
streamspot,43,topo_only,109,,,0.09384515434503556,1
streamspot,43,topo_only,110,,,0.3874572515487671,0
streamspot,43,topo_only,111,,,0.04288550838828087,0
streamspot,43,topo_only,112,,,0.010284680500626564,0
streamspot,43,topo_only,113,,,0.2273443579673767,0
streamspot,43,topo_only,114,,,0.08905448466539383,1
streamspot,43,topo_only,115,,,0.2313753217458725,0
streamspot,43,topo_only,116,,,0.08494642227888108,1
streamspot,43,topo_only,117,,,0.09323063343763352,1
streamspot,43,topo_only,118,,,0.03550422843545675,0
streamspot,43,topo_only,119,,,0.038281383365392684,0
streamspot,43,topo_only,120,,,0.07972111739218235,0
streamspot,43,topo_only,121,,,0.07548543736338616,0
streamspot,43,topo_only,122,,,0.0868735820055008,0
streamspot,43,topo_only,123,,,0.6006578207015991,1
streamspot,43,topo_only,124,,,0.09849592447280883,1
streamspot,43,topo_only,125,,,0.34861730933189394,1
streamspot,43,topo_only,126,,,0.038021253794431685,0
streamspot,43,topo_only,127,,,0.08442003130912781,1
streamspot,43,topo_only,128,,,0.4654804885387421,1
streamspot,43,topo_only,129,,,0.13482769578695297,0
streamspot,43,topo_only,130,,,0.284232559800148,0
streamspot,43,topo_only,131,,,0.05370119661092758,0
streamspot,43,topo_only,132,,,0.15229262001812457,0
streamspot,43,topo_only,133,,,0.09966783821582795,1
streamspot,43,topo_only,134,,,0.09722781032323838,1
streamspot,43,topo_only,135,,,0.4947103440761566,0
streamspot,43,topo_only,136,,,0.22663774192333222,0
streamspot,43,topo_only,137,,,0.09241311699151993,1
streamspot,43,topo_only,138,,,0.06952109187841415,0
streamspot,43,topo_only,139,,,0.06647015064954757,0
streamspot,43,topo_only,140,,,0.622380006313324,1
streamspot,43,topo_only,141,,,0.09410283863544464,1
streamspot,43,topo_only,142,,,0.09673407971858979,1
streamspot,43,topo_only,143,,,0.09351613223552704,1
streamspot,43,topo_only,144,,,0.0799906812608242,0
streamspot,43,topo_only,145,,,0.09025507867336273,1
streamspot,43,topo_only,146,,,0.10245839804410935,1
streamspot,43,topo_only,147,,,0.09917808324098587,1
streamspot,43,topo_only,148,,,0.24675815999507905,0
streamspot,43,topo_only,149,,,0.048134927079081534,0
streamspot,43,topo_only,150,,,0.08169493768364192,0
streamspot,43,topo_only,151,,,0.32051830887794497,1
streamspot,43,topo_only,152,,,0.3882716953754425,1
streamspot,43,topo_only,153,,,0.23005136400461196,0
streamspot,43,topo_only,154,,,0.09476861953735352,1
streamspot,43,topo_only,155,,,0.04565736204385758,0
streamspot,43,topo_only,156,,,0.06058591566979885,0
streamspot,43,topo_only,157,,,0.1157437652349472,0
streamspot,43,topo_only,158,,,0.09851246327161789,1
streamspot,43,topo_only,159,,,0.013993574678897858,0
streamspot,44,topo_only,0,0.019734117574989794,0,0.05605066046118736,0
streamspot,44,topo_only,1,0.09248072504997254,1,0.09214659184217452,1
streamspot,44,topo_only,2,0.027933405339717866,0,0.09412947148084641,1
streamspot,44,topo_only,3,0.3245086491107941,0,0.0916449025273323,1
streamspot,44,topo_only,4,0.34057892560958863,0,0.016466351971030236,0
streamspot,44,topo_only,5,0.10357054769992828,0,0.09162489920854569,1
streamspot,44,topo_only,6,0.09151119440793991,1,0.16548707708716393,0
streamspot,44,topo_only,7,0.09086842834949493,1,0.09524573236703873,1
streamspot,44,topo_only,8,0.09081370830535888,1,0.09098555892705917,1
streamspot,44,topo_only,9,0.09078453481197357,1,0.09125546365976334,1
streamspot,44,topo_only,10,0.02760924957692623,0,0.0510718172416091,0
streamspot,44,topo_only,11,0.03863443359732628,0,0.09800381660461426,1
streamspot,44,topo_only,12,0.09059156626462936,1,0.060958773270249365,0
streamspot,44,topo_only,13,0.043427109345793725,0,0.02179545573890209,0
streamspot,44,topo_only,14,0.09901452735066414,0,0.6423645257949829,1
streamspot,44,topo_only,15,0.25835882127285004,0,0.04799455218017101,0
streamspot,44,topo_only,16,0.4302104294300079,1,0.10812530219554901,0
streamspot,44,topo_only,17,0.030574802309274673,0,0.46971391439437865,0
streamspot,44,topo_only,18,0.5880849123001098,1,0.06800413876771927,0
streamspot,44,topo_only,19,0.09176495969295502,1,0.4384823441505432,1
streamspot,44,topo_only,20,0.09165001362562179,1,0.09114901423454284,1
streamspot,44,topo_only,21,0.09301057755947113,1,0.42768675088882446,0
streamspot,44,topo_only,22,0.0861259713768959,0,0.09335150718688964,1
streamspot,44,topo_only,23,0.09078292399644852,1,0.09174082577228546,1
streamspot,44,topo_only,24,0.03605175875127316,0,0.09251117557287217,1
streamspot,44,topo_only,25,0.09167038202285767,1,0.09282172173261642,1
streamspot,44,topo_only,26,0.15726665258407593,0,0.09125899374485016,1
streamspot,44,topo_only,27,0.09069966226816177,1,0.24553216099739075,0
streamspot,44,topo_only,28,0.09304121136665344,1,0.5765070676803589,1
streamspot,44,topo_only,29,0.016022316366434097,0,0.2807012766599655,0
streamspot,44,topo_only,30,0.1867923617362976,1,0.09447579234838485,0
streamspot,44,topo_only,31,0.09548765420913696,1,0.0950367346405983,1
streamspot,44,topo_only,32,0.20041051208972932,0,0.14652781188488007,0
streamspot,44,topo_only,33,0.09126828461885453,1,0.14288913905620576,1
streamspot,44,topo_only,34,0.0960235983133316,1,0.16611727476119995,0
streamspot,44,topo_only,35,0.28208708465099336,0,0.08151909876614809,0
streamspot,44,topo_only,36,0.23227577209472655,0,0.03792680576443672,0
streamspot,44,topo_only,37,0.09167430102825165,1,0.29880041182041167,0
streamspot,44,topo_only,38,0.09380350410938262,0,0.0934158593416214,1
streamspot,44,topo_only,39,0.246095272898674,0,0.056644010543823245,0
streamspot,44,topo_only,40,,,0.06797095090150833,0
streamspot,44,topo_only,41,,,0.09297500252723694,1
streamspot,44,topo_only,42,,,0.07317381575703621,0
streamspot,44,topo_only,43,,,0.09036576896905898,1
streamspot,44,topo_only,44,,,0.0905514732003212,1
streamspot,44,topo_only,45,,,0.03781567476689816,0
streamspot,44,topo_only,46,,,0.09121830463409424,1
streamspot,44,topo_only,47,,,0.09252963364124298,1
streamspot,44,topo_only,48,,,0.33087540566921236,0
streamspot,44,topo_only,49,,,0.2329810619354248,0
streamspot,44,topo_only,50,,,0.05075138323009014,0
streamspot,44,topo_only,51,,,0.031352798640728,0
streamspot,44,topo_only,52,,,0.04241020120680332,0
streamspot,44,topo_only,53,,,0.1323013722896576,0
streamspot,44,topo_only,54,,,0.09244225323200225,1
streamspot,44,topo_only,55,,,0.09092597365379333,1
streamspot,44,topo_only,56,,,0.5198712885379791,1
streamspot,44,topo_only,57,,,0.027310840785503387,0
streamspot,44,topo_only,58,,,0.08834571987390519,0
streamspot,44,topo_only,59,,,0.09061651080846786,1
streamspot,44,topo_only,60,,,0.09162538349628449,1
streamspot,44,topo_only,61,,,0.19556472599506378,1
streamspot,44,topo_only,62,,,0.09499534070491791,1
streamspot,44,topo_only,63,,,0.02782304594293237,0
streamspot,44,topo_only,64,,,0.09209607541561127,1
streamspot,44,topo_only,65,,,0.09250615574419499,0
streamspot,44,topo_only,66,,,0.6065411329269409,1
streamspot,44,topo_only,67,,,0.14025702625513076,0
streamspot,44,topo_only,68,,,0.09069536328315735,1
streamspot,44,topo_only,69,,,0.09377439320087433,1
streamspot,44,topo_only,70,,,0.09128742069005966,1
streamspot,44,topo_only,71,,,0.3437105417251587,0
streamspot,44,topo_only,72,,,0.565505301952362,1
streamspot,44,topo_only,73,,,0.09193592220544815,1
streamspot,44,topo_only,74,,,0.09085552394390106,1
streamspot,44,topo_only,75,,,0.14929998219013213,0
streamspot,44,topo_only,76,,,0.07743480503559112,0
streamspot,44,topo_only,77,,,0.09081289172172546,1
streamspot,44,topo_only,78,,,0.6111257314682007,1
streamspot,44,topo_only,79,,,0.15421048253774644,0
streamspot,44,topo_only,80,,,0.4669702410697937,1
streamspot,44,topo_only,81,,,0.09191314429044724,1
streamspot,44,topo_only,82,,,0.054169900715351105,0
streamspot,44,topo_only,83,,,0.09067781418561935,1
streamspot,44,topo_only,84,,,0.33072992563247683,0
streamspot,44,topo_only,85,,,0.5574540019035339,0
streamspot,44,topo_only,86,,,0.09117811471223831,1
streamspot,44,topo_only,87,,,0.3563325673341751,0
streamspot,44,topo_only,88,,,0.1302829384803772,0
streamspot,44,topo_only,89,,,0.09092337936162949,1
streamspot,44,topo_only,90,,,0.15980051159858705,0
streamspot,44,topo_only,91,,,0.09189226552844047,0
streamspot,44,topo_only,92,,,0.36240512132644653,0
streamspot,44,topo_only,93,,,0.09326671659946442,1
streamspot,44,topo_only,94,,,0.09373430460691452,1
streamspot,44,topo_only,95,,,0.09108478724956512,1
streamspot,44,topo_only,96,,,0.1291181143373251,0
streamspot,44,topo_only,97,,,0.06282439529895782,0
streamspot,44,topo_only,98,,,0.042026934772729875,0
streamspot,44,topo_only,99,,,0.4563570201396942,0
streamspot,44,topo_only,100,,,0.09088410437107086,1
streamspot,44,topo_only,101,,,0.09160190969705581,1
streamspot,44,topo_only,102,,,0.09145679622888565,1
streamspot,44,topo_only,103,,,0.6578906178474426,1
streamspot,44,topo_only,104,,,0.13756219912320375,0
streamspot,44,topo_only,105,,,0.026507873088121414,0
streamspot,44,topo_only,106,,,0.10287713780999183,0
streamspot,44,topo_only,107,,,0.06333507299423217,0
streamspot,44,topo_only,108,,,0.4177466452121735,1
streamspot,44,topo_only,109,,,0.4896059691905975,1
streamspot,44,topo_only,110,,,0.036962921172380446,0
streamspot,44,topo_only,111,,,0.022185524553060533,0
streamspot,44,topo_only,112,,,0.09086075127124786,1
streamspot,44,topo_only,113,,,0.03565218523144722,0
streamspot,44,topo_only,114,,,0.051489480584859845,0
streamspot,44,topo_only,115,,,0.32108740210533143,1
streamspot,44,topo_only,116,,,0.20914326906204223,0
streamspot,44,topo_only,117,,,0.04811029061675072,0
streamspot,44,topo_only,118,,,0.07247962281107903,0
streamspot,44,topo_only,119,,,0.6533450841903686,1
streamspot,44,topo_only,120,,,0.04811659380793572,0
streamspot,44,topo_only,121,,,0.07179689705371857,0
streamspot,44,topo_only,122,,,0.09143944531679153,1
streamspot,44,topo_only,123,,,0.09048211127519608,1
streamspot,44,topo_only,124,,,0.09335896670818329,1
streamspot,44,topo_only,125,,,0.03798408471047878,0
streamspot,44,topo_only,126,,,0.0715005062520504,0
streamspot,44,topo_only,127,,,0.037319517508149144,0
streamspot,44,topo_only,128,,,0.0907217264175415,1
streamspot,44,topo_only,129,,,0.10481762140989304,0
streamspot,44,topo_only,130,,,0.0908908024430275,1
streamspot,44,topo_only,131,,,0.16229716539382935,0
streamspot,44,topo_only,132,,,0.09374906122684479,1
streamspot,44,topo_only,133,,,0.0936158388853073,1
streamspot,44,topo_only,134,,,0.01778349410742521,0
streamspot,44,topo_only,135,,,0.09172404557466507,1
streamspot,44,topo_only,136,,,0.18753464221954347,0
streamspot,44,topo_only,137,,,0.5023984968662262,1
streamspot,44,topo_only,138,,,0.0916654035449028,1
streamspot,44,topo_only,139,,,0.5012711107730865,1
streamspot,44,topo_only,140,,,0.061396474391222,0
streamspot,44,topo_only,141,,,0.09203324168920517,1
streamspot,44,topo_only,142,,,0.051989088952541354,0
streamspot,44,topo_only,143,,,0.08447217345237731,0
streamspot,44,topo_only,144,,,0.6124160647392273,1
streamspot,44,topo_only,145,,,0.09343736171722412,1
streamspot,44,topo_only,146,,,0.046348083019256595,0
streamspot,44,topo_only,147,,,0.039761359244585036,0
streamspot,44,topo_only,148,,,0.09064069986343384,1
streamspot,44,topo_only,149,,,0.09230677783489227,0
streamspot,44,topo_only,150,,,0.06600204929709434,0
streamspot,44,topo_only,151,,,0.09532475620508193,1
streamspot,44,topo_only,152,,,0.09086203724145889,1
streamspot,44,topo_only,153,,,0.31733712255954744,0
streamspot,44,topo_only,154,,,0.09186279624700547,1
streamspot,44,topo_only,155,,,0.09313330054283142,1
streamspot,44,topo_only,156,,,0.20639699697494507,0
streamspot,44,topo_only,157,,,0.09065515100955963,1
streamspot,44,topo_only,158,,,0.17264085114002228,0
streamspot,44,topo_only,159,,,0.09156157225370407,1
grasec,42,topo_only,0,0.18063817620277406,1,0.08199221007525921,0
grasec,42,topo_only,1,0.17267228960990905,0,0.005619239900261164,0
grasec,42,topo_only,2,0.1297956056892872,0,0.5243730068206787,1
grasec,42,topo_only,3,0.6130770802497864,1,0.3518960177898407,1
grasec,42,topo_only,4,0.30683488845825196,1,0.2702207833528519,0
grasec,42,topo_only,5,0.5897718906402588,1,0.1580031082034111,0
grasec,42,topo_only,6,0.13645938634872437,1,0.08161538019776345,0
grasec,42,topo_only,7,0.32515488266944886,1,0.35086373090744016,1
grasec,42,topo_only,8,0.23548000752925874,0,0.2665400505065918,1
grasec,42,topo_only,9,0.3610480844974518,1,0.0874258391559124,0
grasec,42,topo_only,10,0.4672036111354828,1,0.3692594230175018,1
grasec,42,topo_only,11,0.5969692707061768,1,0.09085238687694072,0
grasec,42,topo_only,12,0.11405845284461975,1,0.005392048507928848,0
grasec,42,topo_only,13,0.21861716508865356,0,0.5782732486724853,1
grasec,42,topo_only,14,0.19007331430912017,1,0.10297491662204265,0
grasec,42,topo_only,15,0.5901960253715515,1,0.103482411429286,1
grasec,42,topo_only,16,0.5878483176231384,1,0.003709794534370303,0
grasec,42,topo_only,17,0.1788777157664299,0,0.004652410047128797,0
grasec,42,topo_only,18,0.1470695197582245,1,0.16230033338069916,1
grasec,42,topo_only,19,0.03248498477041721,0,0.19710433185100557,0
grasec,42,topo_only,20,0.2109582394361496,0,0.6128086447715759,1
grasec,42,topo_only,21,0.20484324619174005,1,0.00704742856323719,0
grasec,42,topo_only,22,0.26060477197170256,1,0.3747763395309448,1
grasec,42,topo_only,23,0.6148924708366394,1,0.7276906609535218,1
grasec,42,topo_only,24,0.2186555564403534,0,0.1607195109128952,1
grasec,42,topo_only,25,0.5108077466487885,1,0.656137752532959,1
grasec,42,topo_only,26,0.20500896573066713,0,0.0823241837322712,0
grasec,42,topo_only,27,0.007969312719069421,0,0.2644657701253891,1
grasec,42,topo_only,28,0.5628429770469665,0,0.48798713088035583,1
grasec,42,topo_only,29,0.32664664685726164,1,0.6442764878273011,1
grasec,42,topo_only,30,0.44461222887039187,1,0.009978314861655235,0
grasec,42,topo_only,31,0.5536375284194947,1,0.4867147088050842,1
grasec,42,topo_only,32,0.16389622092247008,1,0.7756404876708984,1
grasec,42,topo_only,33,0.15784178525209427,0,0.004776609735563398,0
grasec,42,topo_only,34,0.292672798037529,1,0.12260492071509362,0
grasec,42,topo_only,35,0.09790387153625488,1,0.6894778132438659,0
grasec,42,topo_only,36,0.38956028819084165,0,0.15485969185829163,0
grasec,42,topo_only,37,0.45839363932609556,0,0.16692111194133757,1
grasec,42,topo_only,38,0.0037917076842859387,0,0.16243704706430434,1
grasec,42,topo_only,39,0.3363156259059906,1,0.8751824855804443,1
grasec,42,topo_only,40,0.18263051211833953,0,0.11482699289917946,0
grasec,42,topo_only,41,0.2840050131082535,0,0.5781095623970032,1
grasec,42,topo_only,42,0.007047433312982321,0,0.3191678196191788,0
grasec,42,topo_only,43,0.20382710099220275,0,0.22109726965427398,0
grasec,42,topo_only,44,0.36304200887680055,1,,
grasec,42,topo_only,45,0.15782677680253981,0,,
grasec,42,topo_only,46,0.14261353760957718,1,,
grasec,42,topo_only,47,0.6141329407691956,1,,
grasec,42,topo_only,48,0.2364567846059799,0,,
grasec,42,topo_only,49,0.3103454679250717,1,,
grasec,42,topo_only,50,0.02507345862686634,0,,
grasec,42,topo_only,51,0.3210832834243774,1,,
grasec,42,topo_only,52,0.1746320515871048,0,,
grasec,42,topo_only,53,0.11480231881141663,0,,
grasec,42,topo_only,54,0.26174411177635193,0,,
grasec,42,topo_only,55,0.15827589333057404,0,,
grasec,42,topo_only,56,0.2204882711172104,0,,
grasec,42,topo_only,57,0.5347317636013031,1,,
grasec,42,topo_only,58,0.14220433086156845,1,,
grasec,42,topo_only,59,0.09531931579113007,1,,
grasec,42,topo_only,60,0.3229955732822418,0,,
grasec,42,topo_only,61,0.15230422019958495,0,,
grasec,42,topo_only,62,0.3621078431606293,0,,
grasec,42,topo_only,63,0.45341638326644895,1,,
grasec,42,topo_only,64,0.11504719704389572,1,,
grasec,42,topo_only,65,0.2220764845609665,0,,
grasec,42,topo_only,66,0.6956017494201661,1,,
grasec,42,topo_only,67,0.11046989485621453,0,,
grasec,42,topo_only,68,0.004614544287323952,0,,
grasec,42,topo_only,69,0.20179762244224547,0,,
grasec,42,topo_only,70,0.1480955421924591,0,,
grasec,42,topo_only,71,0.2477521449327469,0,,
grasec,42,topo_only,72,0.1898794502019882,0,,
grasec,42,topo_only,73,0.7041797161102294,1,,
grasec,42,topo_only,74,0.09269915148615837,1,,
grasec,42,topo_only,75,0.6454233169555664,1,,
grasec,42,topo_only,76,0.19788850247859954,0,,
grasec,42,topo_only,77,0.3474819302558899,1,,
grasec,42,topo_only,78,0.5218456029891968,0,,
grasec,42,topo_only,79,0.5909453988075256,1,,
grasec,42,topo_only,80,0.13429978638887405,1,,
grasec,42,topo_only,81,0.20334382653236388,0,,
grasec,42,topo_only,82,0.0025636793347075582,0,,
grasec,42,topo_only,83,0.10288959816098213,1,,
grasec,42,topo_only,84,0.5908174753189087,1,,
grasec,42,topo_only,85,0.8723430752754211,1,,
grasec,42,topo_only,86,0.27958662509918214,0,,
grasec,42,topo_only,87,0.6689301133155823,1,,
grasec,42,topo_only,88,0.141702102124691,0,,
grasec,42,topo_only,89,0.23131533488631248,0,,
grasec,42,topo_only,90,0.6729413866996765,1,,
grasec,42,topo_only,91,0.1554899126291275,0,,
grasec,42,topo_only,92,0.1409258484840393,0,,
grasec,42,topo_only,93,0.08279738575220108,0,,
grasec,42,topo_only,94,0.17312642335891723,0,,
grasec,42,topo_only,95,0.0979830153286457,0,,
grasec,42,topo_only,96,0.2634711652994156,1,,
grasec,42,topo_only,97,0.6117993831634522,1,,
grasec,42,topo_only,98,0.10640901774168014,1,,
grasec,42,topo_only,99,0.2006678581237793,1,,
grasec,42,topo_only,100,0.3060209363698959,1,,
grasec,42,topo_only,101,0.2465382695198059,0,,
grasec,42,topo_only,102,0.15980260223150253,1,,
grasec,42,topo_only,103,0.3431041479110718,0,,
grasec,42,topo_only,104,0.3566694915294647,0,,
grasec,42,topo_only,105,0.178510320186615,0,,
grasec,42,topo_only,106,0.1199205294251442,0,,
grasec,42,topo_only,107,0.47771220803260805,1,,
grasec,42,topo_only,108,0.5159883379936219,0,,
grasec,42,topo_only,109,0.36092475056648254,1,,
grasec,42,topo_only,110,0.7844247102737427,1,,
grasec,42,topo_only,111,0.1781175583600998,0,,
grasec,42,topo_only,112,0.17684335708618165,1,,
grasec,42,topo_only,113,0.41500993967056277,1,,
grasec,42,topo_only,114,0.16927518844604492,1,,
grasec,42,topo_only,115,0.13509606719017028,1,,
grasec,42,topo_only,116,0.26179430484771726,0,,
grasec,42,topo_only,117,0.0042594547360494065,0,,
grasec,42,topo_only,118,0.525922417640686,1,,
grasec,42,topo_only,119,0.2381381183862686,1,,
grasec,42,topo_only,120,0.27919384837150574,0,,
grasec,42,topo_only,121,0.3924031019210815,0,,
grasec,42,topo_only,122,0.005372361745685339,0,,
grasec,42,topo_only,123,0.2800000816583633,0,,
grasec,42,topo_only,124,0.30745384395122527,1,,
grasec,42,topo_only,125,0.28459360003471373,1,,
grasec,42,topo_only,126,0.4994994103908539,1,,
grasec,42,topo_only,127,0.12252559214830398,0,,
grasec,42,topo_only,128,0.29368919134140015,1,,
grasec,42,topo_only,129,0.3966584026813507,0,,
grasec,42,topo_only,130,0.18779556602239608,1,,
grasec,42,topo_only,131,0.3473123013973236,0,,
grasec,42,topo_only,132,0.0771316148340702,0,,
grasec,42,topo_only,133,0.16454408168792725,0,,
grasec,42,topo_only,134,0.3092627853155136,0,,
grasec,42,topo_only,135,0.10381325110793113,0,,
grasec,42,topo_only,136,0.12469888478517532,1,,
grasec,42,topo_only,137,0.0032161662355065347,0,,
grasec,42,topo_only,138,0.14536702930927276,1,,
grasec,42,topo_only,139,0.11684888452291489,0,,
grasec,42,topo_only,140,0.30536619424819944,0,,
grasec,42,topo_only,141,0.09836035072803498,0,,
grasec,42,topo_only,142,0.09845163747668266,0,,
grasec,42,topo_only,143,0.35628957748413087,1,,
grasec,42,topo_only,144,0.5889029681682587,1,,
grasec,42,topo_only,145,0.2610687047243118,1,,
grasec,42,topo_only,146,0.13481660485267638,1,,
grasec,42,topo_only,147,0.009210700541734696,1,,
grasec,42,topo_only,148,0.5138292968273163,1,,
grasec,42,topo_only,149,0.22067928612232207,0,,
grasec,42,topo_only,150,0.37567451000213625,1,,
grasec,42,topo_only,151,0.3344031870365143,0,,
grasec,43,topo_only,0,0.17343003004789354,1,0.35199170708656313,0
grasec,43,topo_only,1,0.6742084503173829,1,0.39788116216659547,1
grasec,43,topo_only,2,0.07708379328250885,1,0.12467152774333953,1
grasec,43,topo_only,3,0.09989292621612549,1,0.11509337276220322,0
grasec,43,topo_only,4,0.42347158789634703,1,0.13000040501356125,0
grasec,43,topo_only,5,0.13252740502357482,1,0.007376407738775015,0
grasec,43,topo_only,6,0.10342651456594468,1,0.21420206874608994,1
grasec,43,topo_only,7,0.5296580851078033,1,0.0580256812274456,0
grasec,43,topo_only,8,0.21316496431827545,0,0.0669524222612381,0
grasec,43,topo_only,9,0.4930111765861511,1,0.11517316699028016,0
grasec,43,topo_only,10,0.5237452268600464,1,0.00648282552137971,0
grasec,43,topo_only,11,0.30447591841220856,0,0.39793850779533385,1
grasec,43,topo_only,12,0.07690166160464287,1,0.19087561964988708,1
grasec,43,topo_only,13,0.5760416507720947,0,0.07307969629764557,0
grasec,43,topo_only,14,0.17267698049545288,0,0.010086304415017367,0
grasec,43,topo_only,15,0.23664439022541045,0,0.17534942030906678,1
grasec,43,topo_only,16,0.5385765969753266,1,0.046558937430381774,1
grasec,43,topo_only,17,0.1216491475701332,0,0.15974760055541992,1
grasec,43,topo_only,18,0.00709077287465334,0,0.23917990028858185,1
grasec,43,topo_only,19,0.3695284962654114,0,0.07622895017266273,1
grasec,43,topo_only,20,0.3518012464046478,0,0.01184459999203682,0
grasec,43,topo_only,21,0.08254069536924362,1,0.10566396415233612,1
grasec,43,topo_only,22,0.6475359678268433,1,0.494413298368454,1
grasec,43,topo_only,23,0.1846711590886116,0,0.6604908108711243,1
grasec,43,topo_only,24,0.07088408693671226,1,0.06395030170679092,0
grasec,43,topo_only,25,0.22966085970401764,0,0.21043452844023705,1
grasec,43,topo_only,26,0.6534897089004517,1,0.01716885231435299,0
grasec,43,topo_only,27,0.007538997641117362,0,0.057274815067648886,0
grasec,43,topo_only,28,0.16235181391239167,0,0.5413814663887024,1
grasec,43,topo_only,29,0.18637279644608498,1,0.014088659547269344,0
grasec,43,topo_only,30,0.5499207437038421,1,0.11896393746137619,0
grasec,43,topo_only,31,0.2900416046380997,0,0.007361721713095903,0
grasec,43,topo_only,32,0.4409703016281128,1,0.16119609773159027,1
grasec,43,topo_only,33,0.3680462896823883,0,0.06990765258669854,0
grasec,43,topo_only,34,0.013838611636310815,0,0.6648051261901855,1
grasec,43,topo_only,35,0.12076878398656846,1,0.20436669886112213,1
grasec,43,topo_only,36,0.12936804741621016,1,0.26864937543869016,0
grasec,43,topo_only,37,0.1412375643849373,1,0.6693121314048767,1
grasec,43,topo_only,38,0.09224070236086845,0,0.5290784895420074,0
grasec,43,topo_only,39,0.23008051067590712,0,0.5232019662857056,1
grasec,43,topo_only,40,0.25664375722408295,0,0.4075960874557495,1
grasec,43,topo_only,41,0.18321527391672135,1,0.12367068082094193,0
grasec,43,topo_only,42,0.13643887639045715,0,0.15010762363672256,0
grasec,43,topo_only,43,0.32085796296596525,0,0.6518338441848754,1
grasec,43,topo_only,44,0.0749704048037529,0,,
grasec,43,topo_only,45,0.136358779668808,0,,
grasec,43,topo_only,46,0.234247624874115,0,,
grasec,43,topo_only,47,0.2286859005689621,0,,
grasec,43,topo_only,48,0.15004631131887436,0,,
grasec,43,topo_only,49,0.09139484390616417,0,,
grasec,43,topo_only,50,0.472652006149292,0,,
grasec,43,topo_only,51,0.6517391562461853,1,,
grasec,43,topo_only,52,0.18016343414783478,0,,
grasec,43,topo_only,53,0.374062317609787,0,,
grasec,43,topo_only,54,0.19128731191158294,0,,
grasec,43,topo_only,55,0.13607162684202195,0,,
grasec,43,topo_only,56,0.23297146260738372,0,,
grasec,43,topo_only,57,0.5178684890270233,1,,
grasec,43,topo_only,58,0.48699699640274047,1,,
grasec,43,topo_only,59,0.22687239050865174,0,,
grasec,43,topo_only,60,0.09954431653022766,1,,
grasec,43,topo_only,61,0.27269784212112425,1,,
grasec,43,topo_only,62,0.40816455483436587,0,,
grasec,43,topo_only,63,0.4176949918270111,1,,
grasec,43,topo_only,64,0.2189487934112549,1,,
grasec,43,topo_only,65,0.0059465555474162105,0,,
grasec,43,topo_only,66,0.5239292502403259,1,,
grasec,43,topo_only,67,0.10178435146808625,1,,
grasec,43,topo_only,68,0.09025394767522812,1,,
grasec,43,topo_only,69,0.4514614582061768,1,,
grasec,43,topo_only,70,0.0765970453619957,1,,
grasec,43,topo_only,71,0.1992127627134323,1,,
grasec,43,topo_only,72,0.07304461598396302,1,,
grasec,43,topo_only,73,0.2861162185668945,0,,
grasec,43,topo_only,74,0.32642904222011565,0,,
grasec,43,topo_only,75,0.0042417947435751556,0,,
grasec,43,topo_only,76,0.05949329063296318,0,,
grasec,43,topo_only,77,0.037344927340745925,0,,
grasec,43,topo_only,78,0.10191610604524612,1,,
grasec,43,topo_only,79,0.518495625257492,1,,
grasec,43,topo_only,80,0.528718626499176,1,,
grasec,43,topo_only,81,0.36611211895942686,1,,
grasec,43,topo_only,82,0.005884973704814911,0,,
grasec,43,topo_only,83,0.5282073855400086,1,,
grasec,43,topo_only,84,0.12914777994155885,0,,
grasec,43,topo_only,85,0.08304797038435936,1,,
grasec,43,topo_only,86,0.2100786030292511,0,,
grasec,43,topo_only,87,0.0825975440442562,0,,
grasec,43,topo_only,88,0.5078753411769867,1,,
grasec,43,topo_only,89,0.49271529316902163,0,,
grasec,43,topo_only,90,0.10738979615271091,0,,
grasec,43,topo_only,91,0.21802154928445816,0,,
grasec,43,topo_only,92,0.10324743390083313,1,,
grasec,43,topo_only,93,0.15540876984596252,0,,
grasec,43,topo_only,94,0.31131802797317504,1,,
grasec,43,topo_only,95,0.1970354847609997,0,,
grasec,43,topo_only,96,0.20134714245796204,0,,
grasec,43,topo_only,97,0.2364820808172226,0,,
grasec,43,topo_only,98,0.09752411395311356,1,,
grasec,43,topo_only,99,0.5597092151641846,0,,
grasec,43,topo_only,100,0.13171872347593308,1,,
grasec,43,topo_only,101,0.1410027876496315,0,,
grasec,43,topo_only,102,0.29286567568778993,0,,
grasec,43,topo_only,103,0.2550510108470917,0,,
grasec,43,topo_only,104,0.6184832215309143,1,,
grasec,43,topo_only,105,0.28698811382055284,0,,
grasec,43,topo_only,106,0.31162667721509935,0,,
grasec,43,topo_only,107,0.2659509748220444,0,,
grasec,43,topo_only,108,0.5341640174388885,1,,
grasec,43,topo_only,109,0.15735887736082077,1,,
grasec,43,topo_only,110,0.0905484452843666,0,,
grasec,43,topo_only,111,0.5403724074363708,1,,
grasec,43,topo_only,112,0.08238565623760223,1,,
grasec,43,topo_only,113,0.3131841480731964,0,,
grasec,43,topo_only,114,0.2307316929101944,0,,
grasec,43,topo_only,115,0.4823001801967621,1,,
grasec,43,topo_only,116,0.5262554466724396,0,,
grasec,43,topo_only,117,0.6963755130767822,1,,
grasec,43,topo_only,118,0.07066109776496887,0,,
grasec,43,topo_only,119,0.20610070824623108,0,,
grasec,43,topo_only,120,0.009003019984811544,0,,
grasec,43,topo_only,121,0.08229985758662224,1,,
grasec,43,topo_only,122,0.47823950052261355,1,,
grasec,43,topo_only,123,0.4422230362892151,1,,
grasec,43,topo_only,124,0.2330439493060112,0,,
grasec,43,topo_only,125,0.4984357416629791,1,,
grasec,43,topo_only,126,0.5058569490909577,1,,
grasec,43,topo_only,127,0.7006768584251404,1,,
grasec,43,topo_only,128,0.41794553995132444,1,,
grasec,43,topo_only,129,0.10326482653617859,1,,
grasec,43,topo_only,130,0.3618329405784607,0,,
grasec,43,topo_only,131,0.24416363537311553,0,,
grasec,43,topo_only,132,0.12851734459400177,1,,
grasec,43,topo_only,133,0.44107709527015687,1,,
grasec,43,topo_only,134,0.21722400188446045,0,,
grasec,43,topo_only,135,0.02687055468559265,0,,
grasec,43,topo_only,136,0.30911905169487,0,,
grasec,43,topo_only,137,0.08932926952838897,1,,
grasec,43,topo_only,138,0.011844595894217491,0,,
grasec,43,topo_only,139,0.5313071131706237,1,,
grasec,43,topo_only,140,0.08074157685041428,1,,
grasec,43,topo_only,141,0.15196804702281952,0,,
grasec,43,topo_only,142,0.5192663908004761,1,,
grasec,43,topo_only,143,0.17408481538295745,1,,
grasec,43,topo_only,144,0.2691542863845825,0,,
grasec,43,topo_only,145,0.6475359678268433,1,,
grasec,43,topo_only,146,0.5248506307601929,1,,
grasec,43,topo_only,147,0.4845812261104584,1,,
grasec,43,topo_only,148,0.5669057369232178,1,,
grasec,43,topo_only,149,0.05978249981999397,1,,
grasec,43,topo_only,150,0.09316205829381943,1,,
grasec,43,topo_only,151,0.4156916677951813,0,,
grasec,44,topo_only,0,0.3085431307554245,0,0.010023850202560424,0
grasec,44,topo_only,1,0.1345837414264679,1,0.31021133363246917,0
grasec,44,topo_only,2,0.15808848887681962,0,0.12049353644251823,1
grasec,44,topo_only,3,0.4727486133575439,1,0.006704582925885915,0
grasec,44,topo_only,4,0.16720903813838958,0,0.3165472328662872,1
grasec,44,topo_only,5,0.3973322093486786,1,0.006660838145762682,0
grasec,44,topo_only,6,0.5341120779514312,1,0.17342658638954161,0
grasec,44,topo_only,7,0.24483012557029724,0,0.5042930543422699,1
grasec,44,topo_only,8,0.023716286942362785,0,0.1259567156434059,1
grasec,44,topo_only,9,0.004237109376117587,0,0.5193028569221496,1
grasec,44,topo_only,10,0.25598185062408446,0,0.11099809408187866,1
grasec,44,topo_only,11,0.11712576076388359,1,0.05211361274123192,0
grasec,44,topo_only,12,0.2261052429676056,0,0.32712767124176023,1
grasec,44,topo_only,13,0.1599882423877716,0,0.008795643970370293,0
grasec,44,topo_only,14,0.004021075693890453,0,0.0068150701001286505,0
grasec,44,topo_only,15,0.2953614890575409,1,0.24056509137153625,1
grasec,44,topo_only,16,0.004672323898984132,0,0.124795363843441,0
grasec,44,topo_only,17,0.5264263987541199,1,0.29373010993003845,1
grasec,44,topo_only,18,0.36827555000782014,1,0.5182105839252472,1
grasec,44,topo_only,19,0.4158139169216156,1,0.11184289008378982,1
grasec,44,topo_only,20,0.14330434203147888,0,0.3061187922954559,1
grasec,44,topo_only,21,0.33616294264793395,1,0.35753331780433656,0
grasec,44,topo_only,22,0.0776577029377222,1,0.11502066254615784,1
grasec,44,topo_only,23,0.49876264333724973,1,0.13836871534585954,1
grasec,44,topo_only,24,0.4642204880714417,0,0.06427187956869602,0
grasec,44,topo_only,25,0.2972805619239807,0,0.10558048635721207,0
grasec,44,topo_only,26,0.1823485665023327,0,0.17156866788864136,0
grasec,44,topo_only,27,0.09440479800105095,0,0.18889914751052855,0
grasec,44,topo_only,28,0.1690114051103592,0,0.43224198222160337,1
grasec,44,topo_only,29,0.22269653975963594,0,0.3271083742380142,1
grasec,44,topo_only,30,0.29615320563316344,1,0.2994781583547592,1
grasec,44,topo_only,31,0.13982764035463333,1,0.11206160634756088,1
grasec,44,topo_only,32,0.30402906239032745,1,0.49876080751419066,1
grasec,44,topo_only,33,0.3082541525363922,1,0.07650968842208386,0
grasec,44,topo_only,34,0.05921439304947853,0,0.2745422929525375,0
grasec,44,topo_only,35,0.13433372378349304,1,0.06479122005403042,0
grasec,44,topo_only,36,0.22749510854482652,0,0.10081895887851715,0
grasec,44,topo_only,37,0.03367885798215866,1,0.11449308842420577,1
grasec,44,topo_only,38,0.13238265812397004,1,0.004664248693734408,0
grasec,44,topo_only,39,0.3300643712282181,1,0.23267962634563447,1
grasec,44,topo_only,40,0.277464959025383,0,0.1842837393283844,1
grasec,44,topo_only,41,0.5297518849372864,1,0.058404691889882086,0
grasec,44,topo_only,42,0.4251659393310547,1,0.004313517874106765,0
grasec,44,topo_only,43,0.3805701047182083,1,0.08326360881328583,0
grasec,44,topo_only,44,0.06287524178624153,0,,
grasec,44,topo_only,45,0.19888195693492888,0,,
grasec,44,topo_only,46,0.0718044601380825,0,,
grasec,44,topo_only,47,0.00812740931287408,0,,
grasec,44,topo_only,48,0.1255536913871765,1,,
grasec,44,topo_only,49,0.20102016031742095,0,,
grasec,44,topo_only,50,0.15180069655179979,1,,
grasec,44,topo_only,51,0.29110140204429624,0,,
grasec,44,topo_only,52,0.43450512886047366,1,,
grasec,44,topo_only,53,0.09965213388204575,1,,
grasec,44,topo_only,54,0.08904608935117722,1,,
grasec,44,topo_only,55,0.18131631463766099,1,,
grasec,44,topo_only,56,0.09929238855838776,1,,
grasec,44,topo_only,57,0.24043420553207398,0,,
grasec,44,topo_only,58,0.15189489722251892,0,,
grasec,44,topo_only,59,0.29503482282161714,0,,
grasec,44,topo_only,60,0.14000817909836769,0,,
grasec,44,topo_only,61,0.41626815795898436,1,,
grasec,44,topo_only,62,0.11179107874631881,1,,
grasec,44,topo_only,63,0.2961403429508209,1,,
grasec,44,topo_only,64,0.2970669031143188,1,,
grasec,44,topo_only,65,0.4073463797569275,1,,
grasec,44,topo_only,66,0.14918496683239937,0,,
grasec,44,topo_only,67,0.33016477823257445,0,,
grasec,44,topo_only,68,0.020240306854248047,0,,
grasec,44,topo_only,69,0.41126211285591124,1,,
grasec,44,topo_only,70,0.412981852889061,0,,
grasec,44,topo_only,71,0.09289182424545288,1,,
grasec,44,topo_only,72,0.15651648938655854,1,,
grasec,44,topo_only,73,0.1823892831802368,0,,
grasec,44,topo_only,74,0.274963966012001,1,,
grasec,44,topo_only,75,0.21789007484912873,1,,
grasec,44,topo_only,76,0.35185595154762267,1,,
grasec,44,topo_only,77,0.19266965836286545,0,,
grasec,44,topo_only,78,0.25358264744281767,0,,
grasec,44,topo_only,79,0.006815062370151281,0,,
grasec,44,topo_only,80,0.08184289038181305,1,,
grasec,44,topo_only,81,0.10403004735708236,1,,
grasec,44,topo_only,82,0.16746886670589448,0,,
grasec,44,topo_only,83,0.12205612808465957,0,,
grasec,44,topo_only,84,0.2513797521591187,0,,
grasec,44,topo_only,85,0.4186924874782562,1,,
grasec,44,topo_only,86,0.17761150002479553,0,,
grasec,44,topo_only,87,0.09537757188081741,0,,
grasec,44,topo_only,88,0.3457680940628052,0,,
grasec,44,topo_only,89,0.09880268201231956,1,,
grasec,44,topo_only,90,0.49353224635124204,1,,
grasec,44,topo_only,91,0.006152802333235741,0,,
grasec,44,topo_only,92,0.16728075742721557,0,,
grasec,44,topo_only,93,0.08615950495004654,0,,
grasec,44,topo_only,94,0.32008213102817534,1,,
grasec,44,topo_only,95,0.006801492348313331,0,,
grasec,44,topo_only,96,0.19109698086977006,0,,
grasec,44,topo_only,97,0.18196036517620087,1,,
grasec,44,topo_only,98,0.08613130301237107,1,,
grasec,44,topo_only,99,0.20966771245002747,0,,
grasec,44,topo_only,100,0.14644878059625627,0,,
grasec,44,topo_only,101,0.13689455687999724,1,,
grasec,44,topo_only,102,0.24587954878807067,0,,
grasec,44,topo_only,103,0.2829826891422272,1,,
grasec,44,topo_only,104,0.1051114022731781,1,,
grasec,44,topo_only,105,0.4971141219139099,1,,
grasec,44,topo_only,106,0.0055367981782183055,0,,
grasec,44,topo_only,107,0.1780870348215103,1,,
grasec,44,topo_only,108,0.4812872111797333,1,,
grasec,44,topo_only,109,0.13815756291151046,0,,
grasec,44,topo_only,110,0.3194153130054474,1,,
grasec,44,topo_only,111,0.26549926698207854,0,,
grasec,44,topo_only,112,0.31734475791454314,1,,
grasec,44,topo_only,113,0.32402859032154085,1,,
grasec,44,topo_only,114,0.474429053068161,1,,
grasec,44,topo_only,115,0.10590004324913024,1,,
grasec,44,topo_only,116,0.21478670835494995,0,,
grasec,44,topo_only,117,0.1936923399567604,0,,
grasec,44,topo_only,118,0.1095687910914421,1,,
grasec,44,topo_only,119,0.09701143354177474,1,,
grasec,44,topo_only,120,0.2771488010883331,1,,
grasec,44,topo_only,121,0.0031201508594676853,0,,
grasec,44,topo_only,122,0.20627417266368867,0,,
grasec,44,topo_only,123,0.5338887155056,1,,
grasec,44,topo_only,124,0.1309380993247032,1,,
grasec,44,topo_only,125,0.09780116155743598,0,,
grasec,44,topo_only,126,0.13913990706205367,0,,
grasec,44,topo_only,127,0.328506600856781,0,,
grasec,44,topo_only,128,0.22596977949142455,1,,
grasec,44,topo_only,129,0.19809598177671434,0,,
grasec,44,topo_only,130,0.196814426779747,0,,
grasec,44,topo_only,131,0.43323974013328553,0,,
grasec,44,topo_only,132,0.20750131011009215,0,,
grasec,44,topo_only,133,0.41086936593055723,1,,
grasec,44,topo_only,134,0.0037779164500534534,0,,
grasec,44,topo_only,135,0.3252099364995956,1,,
grasec,44,topo_only,136,0.0766727976500988,1,,
grasec,44,topo_only,137,0.3007260411977768,0,,
grasec,44,topo_only,138,0.3639465272426605,0,,
grasec,44,topo_only,139,0.11652616262435914,1,,
grasec,44,topo_only,140,0.26604740917682645,0,,
grasec,44,topo_only,141,0.5532072067260743,1,,
grasec,44,topo_only,142,0.13478609174489975,1,,
grasec,44,topo_only,143,0.2733158141374588,1,,
grasec,44,topo_only,144,0.15556759238243104,0,,
grasec,44,topo_only,145,0.3669588387012482,1,,
grasec,44,topo_only,146,0.40646265149116517,1,,
grasec,44,topo_only,147,0.25714614391326907,0,,
grasec,44,topo_only,148,0.5464364945888519,0,,
grasec,44,topo_only,149,0.16649745255708695,0,,
grasec,44,topo_only,150,0.4899213433265686,1,,
grasec,44,topo_only,151,0.16127911508083342,0,,
