split,graph,label,score,prediction,dataset,seed,mode,alpha,beta,hidden,embed_dim,temperature,drop_rate,mask_rate,edge_drop_rate,filtrations,threshold
val,streamspot_356,1,0.5744848370552063,1,streamspot,42,graph_topo,0.5,0.5,64,64,0.2,0.1,0.1,0.1,"degree,closeness",0.44021000564098356
val,streamspot_272,0,0.7046245038509369,1,streamspot,42,graph_topo,0.5,0.5,64,64,0.2,0.1,0.1,0.1,"degree,closeness",0.44021000564098356
val,streamspot_324,1,0.6874330163002014,1,streamspot,42,graph_topo,0.5,0.5,64,64,0.2,0.1,0.1,0.1,"degree,closeness",0.44021000564098356
val,streamspot_440,0,0.03792238384485245,0,streamspot,42,graph_topo,0.5,0.5,64,64,0.2,0.1,0.1,0.1,"degree,closeness",0.44021000564098356
val,streamspot_109,0,0.0634394034743309,0,streamspot,42,graph_topo,0.5,0.5,64,64,0.2,0.1,0.1,0.1,"degree,closeness",0.44021000564098356
val,streamspot_292,0,0.32463101744651796,0,streamspot,42,graph_topo,0.5,0.5,64,64,0.2,0.1,0.1,0.1,"degree,closeness",0.44021000564098356
val,streamspot_255,0,0.06701454520225525,0,streamspot,42,graph_topo,0.5,0.5,64,64,0.2,0.1,0.1,0.1,"degree,closeness",0.44021000564098356
val,streamspot_350,1,0.5690000772476196,1,streamspot,42,graph_topo,0.5,0.5,64,64,0.2,0.1,0.1,0.1,"degree,closeness",0.44021000564098356
val,streamspot_352,1,0.5589897751808166,1,streamspot,42,graph_topo,0.5,0.5,64,64,0.2,0.1,0.1,0.1,"degree,closeness",0.44021000564098356
val,streamspot_304,1,0.5697832822799682,1,streamspot,42,graph_topo,0.5,0.5,64,64,0.2,0.1,0.1,0.1,"degree,closeness",0.44021000564098356
val,streamspot_318,1,0.5890118598937988,1,streamspot,42,graph_topo,0.5,0.5,64,64,0.2,0.1,0.1,0.1,"degree,closeness",0.44021000564098356
val,streamspot_163,0,0.040445663034915924,0,streamspot,42,graph_topo,0.5,0.5,64,64,0.2,0.1,0.1,0.1,"degree,closeness",0.44021000564098356
val,streamspot_244,0,0.2879612386226654,0,streamspot,42,graph_topo,0.5,0.5,64,64,0.2,0.1,0.1,0.1,"degree,closeness",0.44021000564098356
val,streamspot_524,0,0.24623096287250518,0,streamspot,42,graph_topo,0.5,0.5,64,64,0.2,0.1,0.1,0.1,"degree,closeness",0.44021000564098356
val,streamspot_218,0,0.7259909987449646,1,streamspot,42,graph_topo,0.5,0.5,64,64,0.2,0.1,0.1,0.1,"degree,closeness",0.44021000564098356
val,streamspot_270,0,0.83952397108078,1,streamspot,42,graph_topo,0.5,0.5,64,64,0.2,0.1,0.1,0.1,"degree,closeness",0.44021000564098356
val,streamspot_132,0,0.1978041112422943,0,streamspot,42,graph_topo,0.5,0.5,64,64,0.2,0.1,0.1,0.1,"degree,closeness",0.44021000564098356
val,streamspot_599,0,0.6337949275970459,1,streamspot,42,graph_topo,0.5,0.5,64,64,0.2,0.1,0.1,0.1,"degree,closeness",0.44021000564098356
val,streamspot_499,0,0.023947113007307053,0,streamspot,42,graph_topo,0.5,0.5,64,64,0.2,0.1,0.1,0.1,"degree,closeness",0.44021000564098356
val,streamspot_184,0,0.06089535728096962,0,streamspot,42,graph_topo,0.5,0.5,64,64,0.2,0.1,0.1,0.1,"degree,closeness",0.44021000564098356
val,streamspot_359,1,0.5736656188964844,1,streamspot,42,graph_topo,0.5,0.5,64,64,0.2,0.1,0.1,0.1,"degree,closeness",0.44021000564098356
val,streamspot_397,1,0.835390853881836,1,streamspot,42,graph_topo,0.5,0.5,64,64,0.2,0.1,0.1,0.1,"degree,closeness",0.44021000564098356
val,streamspot_325,1,0.56517493724823,1,streamspot,42,graph_topo,0.5,0.5,64,64,0.2,0.1,0.1,0.1,"degree,closeness",0.44021000564098356
val,streamspot_527,0,0.23954510390758516,0,streamspot,42,graph_topo,0.5,0.5,64,64,0.2,0.1,0.1,0.1,"degree,closeness",0.44021000564098356
val,streamspot_302,1,0.5669478178024292,1,streamspot,42,graph_topo,0.5,0.5,64,64,0.2,0.1,0.1,0.1,"degree,closeness",0.44021000564098356
val,streamspot_361,1,0.5658814430236816,1,streamspot,42,graph_topo,0.5,0.5,64,64,0.2,0.1,0.1,0.1,"degree,closeness",0.44021000564098356
val,streamspot_215,0,0.06659191474318504,0,streamspot,42,graph_topo,0.5,0.5,64,64,0.2,0.1,0.1,0.1,"degree,closeness",0.44021000564098356
val,streamspot_128,0,0.1972600132226944,0,streamspot,42,graph_topo,0.5,0.5,64,64,0.2,0.1,0.1,0.1,"degree,closeness",0.44021000564098356
val,streamspot_381,1,0.5640363693237305,1,streamspot,42,graph_topo,0.5,0.5,64,64,0.2,0.1,0.1,0.1,"degree,closeness",0.44021000564098356
val,streamspot_273,0,0.06074114143848419,0,streamspot,42,graph_topo,0.5,0.5,64,64,0.2,0.1,0.1,0.1,"degree,closeness",0.44021000564098356
val,streamspot_62,0,0.09958821162581444,0,streamspot,42,graph_topo,0.5,0.5,64,64,0.2,0.1,0.1,0.1,"degree,closeness",0.44021000564098356
val,streamspot_342,1,0.5900846719741821,1,streamspot,42,graph_topo,0.5,0.5,64,64,0.2,0.1,0.1,0.1,"degree,closeness",0.44021000564098356
val,streamspot_351,1,0.5600717186927795,1,streamspot,42,graph_topo,0.5,0.5,64,64,0.2,0.1,0.1,0.1,"degree,closeness",0.44021000564098356
val,streamspot_327,1,0.5701843857765198,1,streamspot,42,graph_topo,0.5,0.5,64,64,0.2,0.1,0.1,0.1,"degree,closeness",0.44021000564098356
val,streamspot_333,1,0.5557889938354492,1,streamspot,42,graph_topo,0.5,0.5,64,64,0.2,0.1,0.1,0.1,"degree,closeness",0.44021000564098356
val,streamspot_392,1,0.918888783454895,1,streamspot,42,graph_topo,0.5,0.5,64,64,0.2,0.1,0.1,0.1,"degree,closeness",0.44021000564098356
val,streamspot_399,1,0.5626813650131226,1,streamspot,42,graph_topo,0.5,0.5,64,64,0.2,0.1,0.1,0.1,"degree,closeness",0.44021000564098356
val,streamspot_371,1,0.5610568642616272,1,streamspot,42,graph_topo,0.5,0.5,64,64,0.2,0.1,0.1,0.1,"degree,closeness",0.44021000564098356
val,streamspot_554,0,0.18269451037049295,0,streamspot,42,graph_topo,0.5,0.5,64,64,0.2,0.1,0.1,0.1,"degree,closeness",0.44021000564098356
val,streamspot_321,1,0.5771120905876159,1,streamspot,42,graph_topo,0.5,0.5,64,64,0.2,0.1,0.1,0.1,"degree,closeness",0.44021000564098356
test,streamspot_341,1,0.5642266750335694,1,streamspot,42,graph_topo,0.5,0.5,64,64,0.2,0.1,0.1,0.1,"degree,closeness",0.44021000564098356
test,streamspot_180,0,0.16690727174282075,0,streamspot,42,graph_topo,0.5,0.5,64,64,0.2,0.1,0.1,0.1,"degree,closeness",0.44021000564098356
test,streamspot_317,1,0.5755296349525452,1,streamspot,42,graph_topo,0.5,0.5,64,64,0.2,0.1,0.1,0.1,"degree,closeness",0.44021000564098356
test,streamspot_313,1,0.6689195036888123,1,streamspot,42,graph_topo,0.5,0.5,64,64,0.2,0.1,0.1,0.1,"degree,closeness",0.44021000564098356
test,streamspot_22,0,0.23928730338811874,0,streamspot,42,graph_topo,0.5,0.5,64,64,0.2,0.1,0.1,0.1,"degree,closeness",0.44021000564098356
test,streamspot_72,0,0.20167801678180694,0,streamspot,42,graph_topo,0.5,0.5,64,64,0.2,0.1,0.1,0.1,"degree,closeness",0.44021000564098356
test,streamspot_301,1,0.5716373324394226,1,streamspot,42,graph_topo,0.5,0.5,64,64,0.2,0.1,0.1,0.1,"degree,closeness",0.44021000564098356
test,streamspot_380,1,0.7320239186286926,1,streamspot,42,graph_topo,0.5,0.5,64,64,0.2,0.1,0.1,0.1,"degree,closeness",0.44021000564098356
test,streamspot_389,1,0.5732008457183838,1,streamspot,42,graph_topo,0.5,0.5,64,64,0.2,0.1,0.1,0.1,"degree,closeness",0.44021000564098356
test,streamspot_315,1,0.5700293779373169,1,streamspot,42,graph_topo,0.5,0.5,64,64,0.2,0.1,0.1,0.1,"degree,closeness",0.44021000564098356
test,streamspot_300,1,0.5575784683227539,1,streamspot,42,graph_topo,0.5,0.5,64,64,0.2,0.1,0.1,0.1,"degree,closeness",0.44021000564098356
test,streamspot_393,1,0.5783009767532349,1,streamspot,42,graph_topo,0.5,0.5,64,64,0.2,0.1,0.1,0.1,"degree,closeness",0.44021000564098356
test,streamspot_347,1,0.5775088787078857,1,streamspot,42,graph_topo,0.5,0.5,64,64,0.2,0.1,0.1,0.1,"degree,closeness",0.44021000564098356
test,streamspot_310,1,0.5879466891288757,1,streamspot,42,graph_topo,0.5,0.5,64,64,0.2,0.1,0.1,0.1,"degree,closeness",0.44021000564098356
test,streamspot_577,0,0.6731225967407226,1,streamspot,42,graph_topo,0.5,0.5,64,64,0.2,0.1,0.1,0.1,"degree,closeness",0.44021000564098356
test,streamspot_193,0,0.06097527593374252,0,streamspot,42,graph_topo,0.5,0.5,64,64,0.2,0.1,0.1,0.1,"degree,closeness",0.44021000564098356
test,streamspot_2,0,0.0828746311366558,0,streamspot,42,graph_topo,0.5,0.5,64,64,0.2,0.1,0.1,0.1,"degree,closeness",0.44021000564098356
test,streamspot_452,0,0.05282298102974892,0,streamspot,42,graph_topo,0.5,0.5,64,64,0.2,0.1,0.1,0.1,"degree,closeness",0.44021000564098356
test,streamspot_306,1,0.5766647815704345,1,streamspot,42,graph_topo,0.5,0.5,64,64,0.2,0.1,0.1,0.1,"degree,closeness",0.44021000564098356
test,streamspot_378,1,0.5727745294570923,1,streamspot,42,graph_topo,0.5,0.5,64,64,0.2,0.1,0.1,0.1,"degree,closeness",0.44021000564098356
test,streamspot_268,0,0.20484031736850739,0,streamspot,42,graph_topo,0.5,0.5,64,64,0.2,0.1,0.1,0.1,"degree,closeness",0.44021000564098356
test,streamspot_154,0,0.04448751136660576,0,streamspot,42,graph_topo,0.5,0.5,64,64,0.2,0.1,0.1,0.1,"degree,closeness",0.44021000564098356
test,streamspot_280,0,0.24729889929294585,0,streamspot,42,graph_topo,0.5,0.5,64,64,0.2,0.1,0.1,0.1,"degree,closeness",0.44021000564098356
test,streamspot_172,0,0.04283356517553329,0,streamspot,42,graph_topo,0.5,0.5,64,64,0.2,0.1,0.1,0.1,"degree,closeness",0.44021000564098356
test,streamspot_424,0,0.024639061465859414,0,streamspot,42,graph_topo,0.5,0.5,64,64,0.2,0.1,0.1,0.1,"degree,closeness",0.44021000564098356
test,streamspot_319,1,0.5814667701721191,1,streamspot,42,graph_topo,0.5,0.5,64,64,0.2,0.1,0.1,0.1,"degree,closeness",0.44021000564098356
test,streamspot_90,0,0.5861844897270203,1,streamspot,42,graph_topo,0.5,0.5,64,64,0.2,0.1,0.1,0.1,"degree,closeness",0.44021000564098356
test,streamspot_387,1,0.5761573910713196,1,streamspot,42,graph_topo,0.5,0.5,64,64,0.2,0.1,0.1,0.1,"degree,closeness",0.44021000564098356
test,streamspot_329,1,0.5884145379066468,1,streamspot,42,graph_topo,0.5,0.5,64,64,0.2,0.1,0.1,0.1,"degree,closeness",0.44021000564098356
test,streamspot_370,1,0.7839452743530273,1,streamspot,42,graph_topo,0.5,0.5,64,64,0.2,0.1,0.1,0.1,"degree,closeness",0.44021000564098356
test,streamspot_441,0,0.10290463492274285,0,streamspot,42,graph_topo,0.5,0.5,64,64,0.2,0.1,0.1,0.1,"degree,closeness",0.44021000564098356
test,streamspot_394,1,0.7750586271286011,1,streamspot,42,graph_topo,0.5,0.5,64,64,0.2,0.1,0.1,0.1,"degree,closeness",0.44021000564098356
test,streamspot_131,0,0.052252604812383655,0,streamspot,42,graph_topo,0.5,0.5,64,64,0.2,0.1,0.1,0.1,"degree,closeness",0.44021000564098356
test,streamspot_314,1,0.93750079870224,1,streamspot,42,graph_topo,0.5,0.5,64,64,0.2,0.1,0.1,0.1,"degree,closeness",0.44021000564098356
test,streamspot_84,0,0.3719559073448181,0,streamspot,42,graph_topo,0.5,0.5,64,64,0.2,0.1,0.1,0.1,"degree,closeness",0.44021000564098356
test,streamspot_349,1,0.5764479279518128,1,streamspot,42,graph_topo,0.5,0.5,64,64,0.2,0.1,0.1,0.1,"degree,closeness",0.44021000564098356
test,streamspot_348,1,0.569433867931366,1,streamspot,42,graph_topo,0.5,0.5,64,64,0.2,0.1,0.1,0.1,"degree,closeness",0.44021000564098356
test,streamspot_334,1,0.5454557776451111,1,streamspot,42,graph_topo,0.5,0.5,64,64,0.2,0.1,0.1,0.1,"degree,closeness",0.44021000564098356
test,streamspot_462,0,0.07289715632796287,0,streamspot,42,graph_topo,0.5,0.5,64,64,0.2,0.1,0.1,0.1,"degree,closeness",0.44021000564098356
test,streamspot_382,1,0.5578040957450867,1,streamspot,42,graph_topo,0.5,0.5,64,64,0.2,0.1,0.1,0.1,"degree,closeness",0.44021000564098356
test,streamspot_373,1,0.5563248991966248,1,streamspot,42,graph_topo,0.5,0.5,64,64,0.2,0.1,0.1,0.1,"degree,closeness",0.44021000564098356
test,streamspot_345,1,0.5700984477996827,1,streamspot,42,graph_topo,0.5,0.5,64,64,0.2,0.1,0.1,0.1,"degree,closeness",0.44021000564098356
test,streamspot_55,0,0.30014769434928895,0,streamspot,42,graph_topo,0.5,0.5,64,64,0.2,0.1,0.1,0.1,"degree,closeness",0.44021000564098356
test,streamspot_384,1,0.5766998887062073,1,streamspot,42,graph_topo,0.5,0.5,64,64,0.2,0.1,0.1,0.1,"degree,closeness",0.44021000564098356
test,streamspot_155,0,0.112218077480793,0,streamspot,42,graph_topo,0.5,0.5,64,64,0.2,0.1,0.1,0.1,"degree,closeness",0.44021000564098356
test,streamspot_290,0,0.24947336316108704,0,streamspot,42,graph_topo,0.5,0.5,64,64,0.2,0.1,0.1,0.1,"degree,closeness",0.44021000564098356
test,streamspot_395,1,0.5594871282577515,1,streamspot,42,graph_topo,0.5,0.5,64,64,0.2,0.1,0.1,0.1,"degree,closeness",0.44021000564098356
test,streamspot_377,1,0.8960733890533448,1,streamspot,42,graph_topo,0.5,0.5,64,64,0.2,0.1,0.1,0.1,"degree,closeness",0.44021000564098356
test,streamspot_70,0,0.26908771991729735,0,streamspot,42,graph_topo,0.5,0.5,64,64,0.2,0.1,0.1,0.1,"degree,closeness",0.44021000564098356
test,streamspot_238,0,0.5024737790226936,1,streamspot,42,graph_topo,0.5,0.5,64,64,0.2,0.1,0.1,0.1,"degree,closeness",0.44021000564098356
test,streamspot_330,1,0.568072509765625,1,streamspot,42,graph_topo,0.5,0.5,64,64,0.2,0.1,0.1,0.1,"degree,closeness",0.44021000564098356
test,streamspot_15,0,0.3089439690113068,0,streamspot,42,graph_topo,0.5,0.5,64,64,0.2,0.1,0.1,0.1,"degree,closeness",0.44021000564098356
test,streamspot_386,1,0.5707566738128662,1,streamspot,42,graph_topo,0.5,0.5,64,64,0.2,0.1,0.1,0.1,"degree,closeness",0.44021000564098356
test,streamspot_396,1,0.5598415851593017,1,streamspot,42,graph_topo,0.5,0.5,64,64,0.2,0.1,0.1,0.1,"degree,closeness",0.44021000564098356
test,streamspot_346,1,0.5852636218070983,1,streamspot,42,graph_topo,0.5,0.5,64,64,0.2,0.1,0.1,0.1,"degree,closeness",0.44021000564098356
test,streamspot_561,0,0.25134305059909823,0,streamspot,42,graph_topo,0.5,0.5,64,64,0.2,0.1,0.1,0.1,"degree,closeness",0.44021000564098356
test,streamspot_320,1,0.5690327644348144,1,streamspot,42,graph_topo,0.5,0.5,64,64,0.2,0.1,0.1,0.1,"degree,closeness",0.44021000564098356
test,streamspot_337,1,0.5634819149971009,1,streamspot,42,graph_topo,0.5,0.5,64,64,0.2,0.1,0.1,0.1,"degree,closeness",0.44021000564098356
test,streamspot_372,1,0.5590464234352112,1,streamspot,42,graph_topo,0.5,0.5,64,64,0.2,0.1,0.1,0.1,"degree,closeness",0.44021000564098356
test,streamspot_375,1,0.5715434789657593,1,streamspot,42,graph_topo,0.5,0.5,64,64,0.2,0.1,0.1,0.1,"degree,closeness",0.44021000564098356
test,streamspot_506,0,0.19093928337097169,0,streamspot,42,graph_topo,0.5,0.5,64,64,0.2,0.1,0.1,0.1,"degree,closeness",0.44021000564098356
test,streamspot_447,0,0.09512746036052704,0,streamspot,42,graph_topo,0.5,0.5,64,64,0.2,0.1,0.1,0.1,"degree,closeness",0.44021000564098356
test,streamspot_335,1,0.5414349555969238,1,streamspot,42,graph_topo,0.5,0.5,64,64,0.2,0.1,0.1,0.1,"degree,closeness",0.44021000564098356
test,streamspot_76,0,0.10887888967990875,0,streamspot,42,graph_topo,0.5,0.5,64,64,0.2,0.1,0.1,0.1,"degree,closeness",0.44021000564098356
test,streamspot_510,0,0.19278320968151091,0,streamspot,42,graph_topo,0.5,0.5,64,64,0.2,0.1,0.1,0.1,"degree,closeness",0.44021000564098356
test,streamspot_336,1,0.5684361457824707,1,streamspot,42,graph_topo,0.5,0.5,64,64,0.2,0.1,0.1,0.1,"degree,closeness",0.44021000564098356
test,streamspot_354,1,0.5765532374382019,1,streamspot,42,graph_topo,0.5,0.5,64,64,0.2,0.1,0.1,0.1,"degree,closeness",0.44021000564098356
test,streamspot_75,0,0.1935456722974777,0,streamspot,42,graph_topo,0.5,0.5,64,64,0.2,0.1,0.1,0.1,"degree,closeness",0.44021000564098356
test,streamspot_390,1,0.5800993204116821,1,streamspot,42,graph_topo,0.5,0.5,64,64,0.2,0.1,0.1,0.1,"degree,closeness",0.44021000564098356
test,streamspot_307,1,0.5603393316268921,1,streamspot,42,graph_topo,0.5,0.5,64,64,0.2,0.1,0.1,0.1,"degree,closeness",0.44021000564098356
test,streamspot_416,0,0.17906125485897065,0,streamspot,42,graph_topo,0.5,0.5,64,64,0.2,0.1,0.1,0.1,"degree,closeness",0.44021000564098356
test,streamspot_436,0,0.04246788695454597,0,streamspot,42,graph_topo,0.5,0.5,64,64,0.2,0.1,0.1,0.1,"degree,closeness",0.44021000564098356
test,streamspot_101,0,0.11094071120023727,0,streamspot,42,graph_topo,0.5,0.5,64,64,0.2,0.1,0.1,0.1,"degree,closeness",0.44021000564098356
test,streamspot_0,0,0.25641219317913055,0,streamspot,42,graph_topo,0.5,0.5,64,64,0.2,0.1,0.1,0.1,"degree,closeness",0.44021000564098356
test,streamspot_326,1,0.5710318446159363,1,streamspot,42,graph_topo,0.5,0.5,64,64,0.2,0.1,0.1,0.1,"degree,closeness",0.44021000564098356
test,streamspot_11,0,0.1171172834932804,0,streamspot,42,graph_topo,0.5,0.5,64,64,0.2,0.1,0.1,0.1,"degree,closeness",0.44021000564098356
test,streamspot_360,1,0.5795607924461365,1,streamspot,42,graph_topo,0.5,0.5,64,64,0.2,0.1,0.1,0.1,"degree,closeness",0.44021000564098356
test,streamspot_340,1,0.5707828760147095,1,streamspot,42,graph_topo,0.5,0.5,64,64,0.2,0.1,0.1,0.1,"degree,closeness",0.44021000564098356
test,streamspot_456,0,0.036574321985244754,0,streamspot,42,graph_topo,0.5,0.5,64,64,0.2,0.1,0.1,0.1,"degree,closeness",0.44021000564098356
test,streamspot_484,0,0.029630024172365665,0,streamspot,42,graph_topo,0.5,0.5,64,64,0.2,0.1,0.1,0.1,"degree,closeness",0.44021000564098356
test,streamspot_316,1,0.7328269600868225,1,streamspot,42,graph_topo,0.5,0.5,64,64,0.2,0.1,0.1,0.1,"degree,closeness",0.44021000564098356
test,streamspot_585,0,0.2560212552547455,0,streamspot,42,graph_topo,0.5,0.5,64,64,0.2,0.1,0.1,0.1,"degree,closeness",0.44021000564098356
test,streamspot_385,1,0.5643839240074158,1,streamspot,42,graph_topo,0.5,0.5,64,64,0.2,0.1,0.1,0.1,"degree,closeness",0.44021000564098356
test,streamspot_73,0,0.16458019018173217,0,streamspot,42,graph_topo,0.5,0.5,64,64,0.2,0.1,0.1,0.1,"degree,closeness",0.44021000564098356
test,streamspot_104,0,0.056688540428876874,0,streamspot,42,graph_topo,0.5,0.5,64,64,0.2,0.1,0.1,0.1,"degree,closeness",0.44021000564098356
test,streamspot_575,0,0.17883284091949464,0,streamspot,42,graph_topo,0.5,0.5,64,64,0.2,0.1,0.1,0.1,"degree,closeness",0.44021000564098356
test,streamspot_124,0,0.2134783983230591,0,streamspot,42,graph_topo,0.5,0.5,64,64,0.2,0.1,0.1,0.1,"degree,closeness",0.44021000564098356
test,streamspot_357,1,0.5692038297653198,1,streamspot,42,graph_topo,0.5,0.5,64,64,0.2,0.1,0.1,0.1,"degree,closeness",0.44021000564098356
test,streamspot_308,1,0.5647790312767029,1,streamspot,42,graph_topo,0.5,0.5,64,64,0.2,0.1,0.1,0.1,"degree,closeness",0.44021000564098356
test,streamspot_209,0,0.19177373945713044,0,streamspot,42,graph_topo,0.5,0.5,64,64,0.2,0.1,0.1,0.1,"degree,closeness",0.44021000564098356
test,streamspot_358,1,0.5722314476966858,1,streamspot,42,graph_topo,0.5,0.5,64,64,0.2,0.1,0.1,0.1,"degree,closeness",0.44021000564098356
test,streamspot_363,1,0.5622229099273681,1,streamspot,42,graph_topo,0.5,0.5,64,64,0.2,0.1,0.1,0.1,"degree,closeness",0.44021000564098356
test,streamspot_379,1,0.564969515800476,1,streamspot,42,graph_topo,0.5,0.5,64,64,0.2,0.1,0.1,0.1,"degree,closeness",0.44021000564098356
test,streamspot_303,1,0.809768557548523,1,streamspot,42,graph_topo,0.5,0.5,64,64,0.2,0.1,0.1,0.1,"degree,closeness",0.44021000564098356
test,streamspot_368,1,0.5762280941009521,1,streamspot,42,graph_topo,0.5,0.5,64,64,0.2,0.1,0.1,0.1,"degree,closeness",0.44021000564098356
test,streamspot_369,1,0.5819451332092285,1,streamspot,42,graph_topo,0.5,0.5,64,64,0.2,0.1,0.1,0.1,"degree,closeness",0.44021000564098356
test,streamspot_481,0,0.07013121210038661,0,streamspot,42,graph_topo,0.5,0.5,64,64,0.2,0.1,0.1,0.1,"degree,closeness",0.44021000564098356
test,streamspot_211,0,0.2921088606119156,0,streamspot,42,graph_topo,0.5,0.5,64,64,0.2,0.1,0.1,0.1,"degree,closeness",0.44021000564098356
test,streamspot_309,1,0.5730377197265625,1,streamspot,42,graph_topo,0.5,0.5,64,64,0.2,0.1,0.1,0.1,"degree,closeness",0.44021000564098356
test,streamspot_305,1,0.5750385761260987,1,streamspot,42,graph_topo,0.5,0.5,64,64,0.2,0.1,0.1,0.1,"degree,closeness",0.44021000564098356
test,streamspot_366,1,0.7895916819572448,1,streamspot,42,graph_topo,0.5,0.5,64,64,0.2,0.1,0.1,0.1,"degree,closeness",0.44021000564098356
test,streamspot_68,0,0.3015901565551758,0,streamspot,42,graph_topo,0.5,0.5,64,64,0.2,0.1,0.1,0.1,"degree,closeness",0.44021000564098356
test,streamspot_383,1,0.5712809205055237,1,streamspot,42,graph_topo,0.5,0.5,64,64,0.2,0.1,0.1,0.1,"degree,closeness",0.44021000564098356
test,streamspot_328,1,0.5603361368179322,1,streamspot,42,graph_topo,0.5,0.5,64,64,0.2,0.1,0.1,0.1,"degree,closeness",0.44021000564098356
test,streamspot_77,0,0.1291920855641365,0,streamspot,42,graph_topo,0.5,0.5,64,64,0.2,0.1,0.1,0.1,"degree,closeness",0.44021000564098356
test,streamspot_69,0,0.28160126507282257,0,streamspot,42,graph_topo,0.5,0.5,64,64,0.2,0.1,0.1,0.1,"degree,closeness",0.44021000564098356
test,streamspot_277,0,0.06910801380872726,0,streamspot,42,graph_topo,0.5,0.5,64,64,0.2,0.1,0.1,0.1,"degree,closeness",0.44021000564098356
test,streamspot_471,0,0.048789558187127116,0,streamspot,42,graph_topo,0.5,0.5,64,64,0.2,0.1,0.1,0.1,"degree,closeness",0.44021000564098356
test,streamspot_343,1,0.5681086659431458,1,streamspot,42,graph_topo,0.5,0.5,64,64,0.2,0.1,0.1,0.1,"degree,closeness",0.44021000564098356
test,streamspot_79,0,0.2792549252510071,0,streamspot,42,graph_topo,0.5,0.5,64,64,0.2,0.1,0.1,0.1,"degree,closeness",0.44021000564098356
test,streamspot_551,0,0.5816076099872589,1,streamspot,42,graph_topo,0.5,0.5,64,64,0.2,0.1,0.1,0.1,"degree,closeness",0.44021000564098356
test,streamspot_194,0,0.05366866178810596,0,streamspot,42,graph_topo,0.5,0.5,64,64,0.2,0.1,0.1,0.1,"degree,closeness",0.44021000564098356
test,streamspot_509,0,0.7135215133428574,1,streamspot,42,graph_topo,0.5,0.5,64,64,0.2,0.1,0.1,0.1,"degree,closeness",0.44021000564098356
test,streamspot_338,1,0.5870463132858277,1,streamspot,42,graph_topo,0.5,0.5,64,64,0.2,0.1,0.1,0.1,"degree,closeness",0.44021000564098356
test,streamspot_339,1,0.6927523255348206,1,streamspot,42,graph_topo,0.5,0.5,64,64,0.2,0.1,0.1,0.1,"degree,closeness",0.44021000564098356
test,streamspot_391,1,0.5812840104103089,1,streamspot,42,graph_topo,0.5,0.5,64,64,0.2,0.1,0.1,0.1,"degree,closeness",0.44021000564098356
test,streamspot_278,0,0.16743267253041266,0,streamspot,42,graph_topo,0.5,0.5,64,64,0.2,0.1,0.1,0.1,"degree,closeness",0.44021000564098356
test,streamspot_491,0,0.03076130673289299,0,streamspot,42,graph_topo,0.5,0.5,64,64,0.2,0.1,0.1,0.1,"degree,closeness",0.44021000564098356
test,streamspot_148,0,0.1842520534992218,0,streamspot,42,graph_topo,0.5,0.5,64,64,0.2,0.1,0.1,0.1,"degree,closeness",0.44021000564098356
test,streamspot_182,0,0.061772944033145906,0,streamspot,42,graph_topo,0.5,0.5,64,64,0.2,0.1,0.1,0.1,"degree,closeness",0.44021000564098356
test,streamspot_344,1,0.5770070195198059,1,streamspot,42,graph_topo,0.5,0.5,64,64,0.2,0.1,0.1,0.1,"degree,closeness",0.44021000564098356
test,streamspot_591,0,0.27481054663658144,0,streamspot,42,graph_topo,0.5,0.5,64,64,0.2,0.1,0.1,0.1,"degree,closeness",0.44021000564098356
test,streamspot_353,1,0.5581379055976867,1,streamspot,42,graph_topo,0.5,0.5,64,64,0.2,0.1,0.1,0.1,"degree,closeness",0.44021000564098356
test,streamspot_82,0,0.09715841636061669,0,streamspot,42,graph_topo,0.5,0.5,64,64,0.2,0.1,0.1,0.1,"degree,closeness",0.44021000564098356
test,streamspot_367,1,0.5625467538833618,1,streamspot,42,graph_topo,0.5,0.5,64,64,0.2,0.1,0.1,0.1,"degree,closeness",0.44021000564098356
test,streamspot_572,0,0.5733297526836395,1,streamspot,42,graph_topo,0.5,0.5,64,64,0.2,0.1,0.1,0.1,"degree,closeness",0.44021000564098356
test,streamspot_565,0,0.6674404263496398,1,streamspot,42,graph_topo,0.5,0.5,64,64,0.2,0.1,0.1,0.1,"degree,closeness",0.44021000564098356
test,streamspot_388,1,0.6007273674011231,1,streamspot,42,graph_topo,0.5,0.5,64,64,0.2,0.1,0.1,0.1,"degree,closeness",0.44021000564098356
test,streamspot_398,1,1.0279956936836243,1,streamspot,42,graph_topo,0.5,0.5,64,64,0.2,0.1,0.1,0.1,"degree,closeness",0.44021000564098356
test,streamspot_374,1,0.5673373103141784,1,streamspot,42,graph_topo,0.5,0.5,64,64,0.2,0.1,0.1,0.1,"degree,closeness",0.44021000564098356
test,streamspot_421,0,0.024917406402528285,0,streamspot,42,graph_topo,0.5,0.5,64,64,0.2,0.1,0.1,0.1,"degree,closeness",0.44021000564098356
test,streamspot_515,0,0.16680659651756286,0,streamspot,42,graph_topo,0.5,0.5,64,64,0.2,0.1,0.1,0.1,"degree,closeness",0.44021000564098356
test,streamspot_33,0,0.250394469499588,0,streamspot,42,graph_topo,0.5,0.5,64,64,0.2,0.1,0.1,0.1,"degree,closeness",0.44021000564098356
test,streamspot_412,0,0.04321776255965233,0,streamspot,42,graph_topo,0.5,0.5,64,64,0.2,0.1,0.1,0.1,"degree,closeness",0.44021000564098356
test,streamspot_550,0,0.16083227843046188,0,streamspot,42,graph_topo,0.5,0.5,64,64,0.2,0.1,0.1,0.1,"degree,closeness",0.44021000564098356
test,streamspot_434,0,0.030619030818343163,0,streamspot,42,graph_topo,0.5,0.5,64,64,0.2,0.1,0.1,0.1,"degree,closeness",0.44021000564098356
test,streamspot_595,0,0.2046719789505005,0,streamspot,42,graph_topo,0.5,0.5,64,64,0.2,0.1,0.1,0.1,"degree,closeness",0.44021000564098356
test,streamspot_46,0,0.31323301792144775,0,streamspot,42,graph_topo,0.5,0.5,64,64,0.2,0.1,0.1,0.1,"degree,closeness",0.44021000564098356
test,streamspot_508,0,0.5568455457687378,1,streamspot,42,graph_topo,0.5,0.5,64,64,0.2,0.1,0.1,0.1,"degree,closeness",0.44021000564098356
test,streamspot_332,1,0.5594938635826111,1,streamspot,42,graph_topo,0.5,0.5,64,64,0.2,0.1,0.1,0.1,"degree,closeness",0.44021000564098356
test,streamspot_376,1,0.5805033206939697,1,streamspot,42,graph_topo,0.5,0.5,64,64,0.2,0.1,0.1,0.1,"degree,closeness",0.44021000564098356
test,streamspot_364,1,0.8230263113975524,1,streamspot,42,graph_topo,0.5,0.5,64,64,0.2,0.1,0.1,0.1,"degree,closeness",0.44021000564098356
test,streamspot_365,1,0.5760520696640015,1,streamspot,42,graph_topo,0.5,0.5,64,64,0.2,0.1,0.1,0.1,"degree,closeness",0.44021000564098356
test,streamspot_323,1,0.9113282799720764,1,streamspot,42,graph_topo,0.5,0.5,64,64,0.2,0.1,0.1,0.1,"degree,closeness",0.44021000564098356
test,streamspot_362,1,0.5594109535217285,1,streamspot,42,graph_topo,0.5,0.5,64,64,0.2,0.1,0.1,0.1,"degree,closeness",0.44021000564098356
test,streamspot_531,0,0.1687459647655487,0,streamspot,42,graph_topo,0.5,0.5,64,64,0.2,0.1,0.1,0.1,"degree,closeness",0.44021000564098356
test,streamspot_312,1,0.8116219282150269,1,streamspot,42,graph_topo,0.5,0.5,64,64,0.2,0.1,0.1,0.1,"degree,closeness",0.44021000564098356
test,streamspot_331,1,0.37387536764144896,0,streamspot,42,graph_topo,0.5,0.5,64,64,0.2,0.1,0.1,0.1,"degree,closeness",0.44021000564098356
test,streamspot_322,1,0.6333510160446167,1,streamspot,42,graph_topo,0.5,0.5,64,64,0.2,0.1,0.1,0.1,"degree,closeness",0.44021000564098356
test,streamspot_555,0,0.16775477975606917,0,streamspot,42,graph_topo,0.5,0.5,64,64,0.2,0.1,0.1,0.1,"degree,closeness",0.44021000564098356
test,streamspot_355,1,0.5680257558822632,1,streamspot,42,graph_topo,0.5,0.5,64,64,0.2,0.1,0.1,0.1,"degree,closeness",0.44021000564098356
test,streamspot_540,0,0.35508776307106016,0,streamspot,42,graph_topo,0.5,0.5,64,64,0.2,0.1,0.1,0.1,"degree,closeness",0.44021000564098356
test,streamspot_204,0,0.11259480640292167,0,streamspot,42,graph_topo,0.5,0.5,64,64,0.2,0.1,0.1,0.1,"degree,closeness",0.44021000564098356
test,streamspot_538,0,0.15680440813302993,0,streamspot,42,graph_topo,0.5,0.5,64,64,0.2,0.1,0.1,0.1,"degree,closeness",0.44021000564098356
test,streamspot_514,0,0.23775597512722016,0,streamspot,42,graph_topo,0.5,0.5,64,64,0.2,0.1,0.1,0.1,"degree,closeness",0.44021000564098356
test,streamspot_93,0,0.03953591361641884,0,streamspot,42,graph_topo,0.5,0.5,64,64,0.2,0.1,0.1,0.1,"degree,closeness",0.44021000564098356
test,streamspot_494,0,0.02047316897660494,0,streamspot,42,graph_topo,0.5,0.5,64,64,0.2,0.1,0.1,0.1,"degree,closeness",0.44021000564098356
test,streamspot_63,0,0.11530517637729645,0,streamspot,42,graph_topo,0.5,0.5,64,64,0.2,0.1,0.1,0.1,"degree,closeness",0.44021000564098356
test,streamspot_311,1,0.5637965202331543,1,streamspot,42,graph_topo,0.5,0.5,64,64,0.2,0.1,0.1,0.1,"degree,closeness",0.44021000564098356
test,streamspot_78,0,0.24311623275279998,0,streamspot,42,graph_topo,0.5,0.5,64,64,0.2,0.1,0.1,0.1,"degree,closeness",0.44021000564098356
val,grasec_data_32_87,1,0.456081223487854,1,grasec,42,graph_topo,0.5,0.5,64,64,0.2,0.1,0.1,0.1,"degree,closeness",0.4531929552555084
val,grasec_data_47_8,0,0.6213779926300049,1,grasec,42,graph_topo,0.5,0.5,64,64,0.2,0.1,0.1,0.1,"degree,closeness",0.4531929552555084
val,grasec_data_57_72,0,0.42531122714281083,0,grasec,42,graph_topo,0.5,0.5,64,64,0.2,0.1,0.1,0.1,"degree,closeness",0.4531929552555084
val,grasec_data_42_99,1,0.7185891628265381,1,grasec,42,graph_topo,0.5,0.5,64,64,0.2,0.1,0.1,0.1,"degree,closeness",0.4531929552555084
val,grasec_data_19_64,1,1.0769027113914489,1,grasec,42,graph_topo,0.5,0.5,64,64,0.2,0.1,0.1,0.1,"degree,closeness",0.4531929552555084
val,grasec_data_42_64,1,0.69398934841156,1,grasec,42,graph_topo,0.5,0.5,64,64,0.2,0.1,0.1,0.1,"degree,closeness",0.4531929552555084
val,grasec_data_42_7,1,0.33951379656791686,0,grasec,42,graph_topo,0.5,0.5,64,64,0.2,0.1,0.1,0.1,"degree,closeness",0.4531929552555084
val,grasec_data_19_53,1,1.0720688223838806,1,grasec,42,graph_topo,0.5,0.5,64,64,0.2,0.1,0.1,0.1,"degree,closeness",0.4531929552555084
val,grasec_data_57_21,0,0.5761930108070373,1,grasec,42,graph_topo,0.5,0.5,64,64,0.2,0.1,0.1,0.1,"degree,closeness",0.4531929552555084
val,grasec_data_32_16,1,0.9104348301887513,1,grasec,42,graph_topo,0.5,0.5,64,64,0.2,0.1,0.1,0.1,"degree,closeness",0.4531929552555084
val,grasec_data_19_46,1,1.0924657583236694,1,grasec,42,graph_topo,0.5,0.5,64,64,0.2,0.1,0.1,0.1,"degree,closeness",0.4531929552555084
val,grasec_data_42_97,1,0.7104286551475525,1,grasec,42,graph_topo,0.5,0.5,64,64,0.2,0.1,0.1,0.1,"degree,closeness",0.4531929552555084
val,grasec_data_32_74,1,0.4147609293460846,0,grasec,42,graph_topo,0.5,0.5,64,64,0.2,0.1,0.1,0.1,"degree,closeness",0.4531929552555084
val,grasec_data_57_1,0,0.7230103135108947,1,grasec,42,graph_topo,0.5,0.5,64,64,0.2,0.1,0.1,0.1,"degree,closeness",0.4531929552555084
val,grasec_data_61_3,1,0.8161632418632507,1,grasec,42,graph_topo,0.5,0.5,64,64,0.2,0.1,0.1,0.1,"degree,closeness",0.4531929552555084
val,grasec_data_42_100,1,0.6967290282249451,1,grasec,42,graph_topo,0.5,0.5,64,64,0.2,0.1,0.1,0.1,"degree,closeness",0.4531929552555084
val,grasec_data_42_22,1,0.6513294696807861,1,grasec,42,graph_topo,0.5,0.5,64,64,0.2,0.1,0.1,0.1,"degree,closeness",0.4531929552555084
val,grasec_data_47_77,0,0.5615861296653748,1,grasec,42,graph_topo,0.5,0.5,64,64,0.2,0.1,0.1,0.1,"degree,closeness",0.4531929552555084
val,grasec_data_42_26,1,0.26931769102811814,0,grasec,42,graph_topo,0.5,0.5,64,64,0.2,0.1,0.1,0.1,"degree,closeness",0.4531929552555084
val,grasec_data_47_78,0,0.3955282151699066,0,grasec,42,graph_topo,0.5,0.5,64,64,0.2,0.1,0.1,0.1,"degree,closeness",0.4531929552555084
val,grasec_data_47_22,0,0.6484827995300293,1,grasec,42,graph_topo,0.5,0.5,64,64,0.2,0.1,0.1,0.1,"degree,closeness",0.4531929552555084
val,grasec_data_32_33,1,0.4696279942989349,1,grasec,42,graph_topo,0.5,0.5,64,64,0.2,0.1,0.1,0.1,"degree,closeness",0.4531929552555084
val,grasec_data_61_91,1,0.5918210208415985,1,grasec,42,graph_topo,0.5,0.5,64,64,0.2,0.1,0.1,0.1,"degree,closeness",0.4531929552555084
val,grasec_data_42_84,1,0.7235598564147949,1,grasec,42,graph_topo,0.5,0.5,64,64,0.2,0.1,0.1,0.1,"degree,closeness",0.4531929552555084
val,grasec_data_57_23,0,0.387118336558342,0,grasec,42,graph_topo,0.5,0.5,64,64,0.2,0.1,0.1,0.1,"degree,closeness",0.4531929552555084
val,grasec_data_42_91,1,0.7656273961067199,1,grasec,42,graph_topo,0.5,0.5,64,64,0.2,0.1,0.1,0.1,"degree,closeness",0.4531929552555084
val,grasec_data_57_57,0,0.9381990194320678,1,grasec,42,graph_topo,0.5,0.5,64,64,0.2,0.1,0.1,0.1,"degree,closeness",0.4531929552555084
val,grasec_data_35_34,0,0.14936686903238297,0,grasec,42,graph_topo,0.5,0.5,64,64,0.2,0.1,0.1,0.1,"degree,closeness",0.4531929552555084
val,grasec_data_57_20,0,0.8475573301315308,1,grasec,42,graph_topo,0.5,0.5,64,64,0.2,0.1,0.1,0.1,"degree,closeness",0.4531929552555084
val,grasec_data_19_19,1,1.062713861465454,1,grasec,42,graph_topo,0.5,0.5,64,64,0.2,0.1,0.1,0.1,"degree,closeness",0.4531929552555084
val,grasec_data_19_80,1,1.0645122528076172,1,grasec,42,graph_topo,0.5,0.5,64,64,0.2,0.1,0.1,0.1,"degree,closeness",0.4531929552555084
val,grasec_data_61_53,1,0.8582338094711304,1,grasec,42,graph_topo,0.5,0.5,64,64,0.2,0.1,0.1,0.1,"degree,closeness",0.4531929552555084
val,grasec_data_61_7,1,0.813028997182846,1,grasec,42,graph_topo,0.5,0.5,64,64,0.2,0.1,0.1,0.1,"degree,closeness",0.4531929552555084
val,grasec_data_57_39,0,0.41026467084884644,0,grasec,42,graph_topo,0.5,0.5,64,64,0.2,0.1,0.1,0.1,"degree,closeness",0.4531929552555084
val,grasec_data_19_58,1,1.0598251342773437,1,grasec,42,graph_topo,0.5,0.5,64,64,0.2,0.1,0.1,0.1,"degree,closeness",0.4531929552555084
val,grasec_data_32_38,1,0.48856729865074155,1,grasec,42,graph_topo,0.5,0.5,64,64,0.2,0.1,0.1,0.1,"degree,closeness",0.4531929552555084
val,grasec_data_57_18,0,0.6854476690292358,1,grasec,42,graph_topo,0.5,0.5,64,64,0.2,0.1,0.1,0.1,"degree,closeness",0.4531929552555084
val,grasec_data_57_63,0,0.7709494352340698,1,grasec,42,graph_topo,0.5,0.5,64,64,0.2,0.1,0.1,0.1,"degree,closeness",0.4531929552555084
val,grasec_data_57_66,0,0.21068728268146514,0,grasec,42,graph_topo,0.5,0.5,64,64,0.2,0.1,0.1,0.1,"degree,closeness",0.4531929552555084
val,grasec_data_61_89,1,0.6449989199638366,1,grasec,42,graph_topo,0.5,0.5,64,64,0.2,0.1,0.1,0.1,"degree,closeness",0.4531929552555084
val,grasec_data_57_56,0,0.2871239513158798,0,grasec,42,graph_topo,0.5,0.5,64,64,0.2,0.1,0.1,0.1,"degree,closeness",0.4531929552555084
val,grasec_data_57_78,0,0.689858365058899,1,grasec,42,graph_topo,0.5,0.5,64,64,0.2,0.1,0.1,0.1,"degree,closeness",0.4531929552555084
val,grasec_data_57_47,0,0.6335916757583618,1,grasec,42,graph_topo,0.5,0.5,64,64,0.2,0.1,0.1,0.1,"degree,closeness",0.4531929552555084
val,grasec_data_57_46,0,0.3482340931892395,0,grasec,42,graph_topo,0.5,0.5,64,64,0.2,0.1,0.1,0.1,"degree,closeness",0.4531929552555084
val,grasec_data_19_8,1,1.0801855206489563,1,grasec,42,graph_topo,0.5,0.5,64,64,0.2,0.1,0.1,0.1,"degree,closeness",0.4531929552555084
val,grasec_data_57_26,0,0.5925740957260132,1,grasec,42,graph_topo,0.5,0.5,64,64,0.2,0.1,0.1,0.1,"degree,closeness",0.4531929552555084
val,grasec_data_32_82,1,0.2532733276486397,0,grasec,42,graph_topo,0.5,0.5,64,64,0.2,0.1,0.1,0.1,"degree,closeness",0.4531929552555084
val,grasec_data_42_70,1,0.7227396011352539,1,grasec,42,graph_topo,0.5,0.5,64,64,0.2,0.1,0.1,0.1,"degree,closeness",0.4531929552555084
val,grasec_data_57_16,0,0.5078976929187775,1,grasec,42,graph_topo,0.5,0.5,64,64,0.2,0.1,0.1,0.1,"degree,closeness",0.4531929552555084
val,grasec_data_19_51,1,1.0737224340438842,1,grasec,42,graph_topo,0.5,0.5,64,64,0.2,0.1,0.1,0.1,"degree,closeness",0.4531929552555084
val,grasec_data_57_48,0,0.5348756939172745,1,grasec,42,graph_topo,0.5,0.5,64,64,0.2,0.1,0.1,0.1,"degree,closeness",0.4531929552555084
val,grasec_data_61_59,1,0.6099977731704712,1,grasec,42,graph_topo,0.5,0.5,64,64,0.2,0.1,0.1,0.1,"degree,closeness",0.4531929552555084
val,grasec_data_46_31,0,0.317603275179863,0,grasec,42,graph_topo,0.5,0.5,64,64,0.2,0.1,0.1,0.1,"degree,closeness",0.4531929552555084
val,grasec_data_46_28,0,0.45030468702316284,0,grasec,42,graph_topo,0.5,0.5,64,64,0.2,0.1,0.1,0.1,"degree,closeness",0.4531929552555084
val,grasec_data_57_31,0,0.7262094259262085,1,grasec,42,graph_topo,0.5,0.5,64,64,0.2,0.1,0.1,0.1,"degree,closeness",0.4531929552555084
val,grasec_data_57_30,0,0.45759769678115847,1,grasec,42,graph_topo,0.5,0.5,64,64,0.2,0.1,0.1,0.1,"degree,closeness",0.4531929552555084
val,grasec_data_47_82,0,0.41804397106170654,0,grasec,42,graph_topo,0.5,0.5,64,64,0.2,0.1,0.1,0.1,"degree,closeness",0.4531929552555084
val,grasec_data_32_45,1,0.524984884262085,1,grasec,42,graph_topo,0.5,0.5,64,64,0.2,0.1,0.1,0.1,"degree,closeness",0.4531929552555084
val,grasec_data_61_75,1,0.554057639837265,1,grasec,42,graph_topo,0.5,0.5,64,64,0.2,0.1,0.1,0.1,"degree,closeness",0.4531929552555084
val,grasec_data_42_30,1,0.2121880203485489,0,grasec,42,graph_topo,0.5,0.5,64,64,0.2,0.1,0.1,0.1,"degree,closeness",0.4531929552555084
val,grasec_data_57_50,0,0.535070276260376,1,grasec,42,graph_topo,0.5,0.5,64,64,0.2,0.1,0.1,0.1,"degree,closeness",0.4531929552555084
val,grasec_data_57_13,0,0.2944431871175766,0,grasec,42,graph_topo,0.5,0.5,64,64,0.2,0.1,0.1,0.1,"degree,closeness",0.4531929552555084
val,grasec_data_57_45,0,0.5555327653884887,1,grasec,42,graph_topo,0.5,0.5,64,64,0.2,0.1,0.1,0.1,"degree,closeness",0.4531929552555084
val,grasec_data_32_19,1,0.9393950819969177,1,grasec,42,graph_topo,0.5,0.5,64,64,0.2,0.1,0.1,0.1,"degree,closeness",0.4531929552555084
val,grasec_data_42_37,1,0.27263096570968626,0,grasec,42,graph_topo,0.5,0.5,64,64,0.2,0.1,0.1,0.1,"degree,closeness",0.4531929552555084
val,grasec_data_57_80,0,0.5175917148590088,1,grasec,42,graph_topo,0.5,0.5,64,64,0.2,0.1,0.1,0.1,"degree,closeness",0.4531929552555084
val,grasec_data_42_65,1,0.5426218271255493,1,grasec,42,graph_topo,0.5,0.5,64,64,0.2,0.1,0.1,0.1,"degree,closeness",0.4531929552555084
val,grasec_data_57_19,0,0.37232202887535093,0,grasec,42,graph_topo,0.5,0.5,64,64,0.2,0.1,0.1,0.1,"degree,closeness",0.4531929552555084
val,grasec_data_46_32,0,0.6371979773044586,1,grasec,42,graph_topo,0.5,0.5,64,64,0.2,0.1,0.1,0.1,"degree,closeness",0.4531929552555084
val,grasec_data_47_16,0,0.3082576334476471,0,grasec,42,graph_topo,0.5,0.5,64,64,0.2,0.1,0.1,0.1,"degree,closeness",0.4531929552555084
val,grasec_data_57_24,0,0.43373079895973204,0,grasec,42,graph_topo,0.5,0.5,64,64,0.2,0.1,0.1,0.1,"degree,closeness",0.4531929552555084
val,grasec_data_47_10,0,0.7283347606658935,1,grasec,42,graph_topo,0.5,0.5,64,64,0.2,0.1,0.1,0.1,"degree,closeness",0.4531929552555084
val,grasec_data_57_60,0,0.3798706978559494,0,grasec,42,graph_topo,0.5,0.5,64,64,0.2,0.1,0.1,0.1,"degree,closeness",0.4531929552555084
val,grasec_data_42_54,1,0.5604389369487762,1,grasec,42,graph_topo,0.5,0.5,64,64,0.2,0.1,0.1,0.1,"degree,closeness",0.4531929552555084
val,grasec_data_32_48,1,0.49611364006996156,1,grasec,42,graph_topo,0.5,0.5,64,64,0.2,0.1,0.1,0.1,"degree,closeness",0.4531929552555084
val,grasec_data_42_53,1,0.6927200555801392,1,grasec,42,graph_topo,0.5,0.5,64,64,0.2,0.1,0.1,0.1,"degree,closeness",0.4531929552555084
val,grasec_data_57_70,0,0.42727909684181214,0,grasec,42,graph_topo,0.5,0.5,64,64,0.2,0.1,0.1,0.1,"degree,closeness",0.4531929552555084
val,grasec_data_19_24,1,1.0613468408584594,1,grasec,42,graph_topo,0.5,0.5,64,64,0.2,0.1,0.1,0.1,"degree,closeness",0.4531929552555084
val,grasec_data_57_51,0,0.6213462591171265,1,grasec,42,graph_topo,0.5,0.5,64,64,0.2,0.1,0.1,0.1,"degree,closeness",0.4531929552555084
val,grasec_data_61_6,1,0.864476227760315,1,grasec,42,graph_topo,0.5,0.5,64,64,0.2,0.1,0.1,0.1,"degree,closeness",0.4531929552555084
val,grasec_data_32_84,1,0.2841613948345184,0,grasec,42,graph_topo,0.5,0.5,64,64,0.2,0.1,0.1,0.1,"degree,closeness",0.4531929552555084
val,grasec_data_57_11,0,0.7658364772796631,1,grasec,42,graph_topo,0.5,0.5,64,64,0.2,0.1,0.1,0.1,"degree,closeness",0.4531929552555084
val,grasec_data_46_33,0,0.6254301309585572,1,grasec,42,graph_topo,0.5,0.5,64,64,0.2,0.1,0.1,0.1,"degree,closeness",0.4531929552555084
val,grasec_data_32_73,1,0.551448404788971,1,grasec,42,graph_topo,0.5,0.5,64,64,0.2,0.1,0.1,0.1,"degree,closeness",0.4531929552555084
val,grasec_data_61_49,1,0.9366626739501953,1,grasec,42,graph_topo,0.5,0.5,64,64,0.2,0.1,0.1,0.1,"degree,closeness",0.4531929552555084
val,grasec_data_61_46,1,0.9419893860816956,1,grasec,42,graph_topo,0.5,0.5,64,64,0.2,0.1,0.1,0.1,"degree,closeness",0.4531929552555084
val,grasec_data_47_9,0,0.6210022270679474,1,grasec,42,graph_topo,0.5,0.5,64,64,0.2,0.1,0.1,0.1,"degree,closeness",0.4531929552555084
val,grasec_data_61_15,1,0.8312884449958802,1,grasec,42,graph_topo,0.5,0.5,64,64,0.2,0.1,0.1,0.1,"degree,closeness",0.4531929552555084
val,grasec_data_57_17,0,0.3155338764190674,0,grasec,42,graph_topo,0.5,0.5,64,64,0.2,0.1,0.1,0.1,"degree,closeness",0.4531929552555084
val,grasec_data_57_67,0,0.538828295469284,1,grasec,42,graph_topo,0.5,0.5,64,64,0.2,0.1,0.1,0.1,"degree,closeness",0.4531929552555084
val,grasec_data_42_1,1,0.537318366765976,1,grasec,42,graph_topo,0.5,0.5,64,64,0.2,0.1,0.1,0.1,"degree,closeness",0.4531929552555084
val,grasec_data_47_7,0,0.3000159978866577,0,grasec,42,graph_topo,0.5,0.5,64,64,0.2,0.1,0.1,0.1,"degree,closeness",0.4531929552555084
val,grasec_data_57_71,0,0.4034736454486847,0,grasec,42,graph_topo,0.5,0.5,64,64,0.2,0.1,0.1,0.1,"degree,closeness",0.4531929552555084
val,grasec_data_46_29,0,0.5065117061138154,1,grasec,42,graph_topo,0.5,0.5,64,64,0.2,0.1,0.1,0.1,"degree,closeness",0.4531929552555084
val,grasec_data_47_80,0,0.3277208209037781,0,grasec,42,graph_topo,0.5,0.5,64,64,0.2,0.1,0.1,0.1,"degree,closeness",0.4531929552555084
val,grasec_data_47_84,0,0.22330398559570314,0,grasec,42,graph_topo,0.5,0.5,64,64,0.2,0.1,0.1,0.1,"degree,closeness",0.4531929552555084
val,grasec_data_61_68,1,0.5958582699298859,1,grasec,42,graph_topo,0.5,0.5,64,64,0.2,0.1,0.1,0.1,"degree,closeness",0.4531929552555084
val,grasec_data_42_74,1,0.6901408433914185,1,grasec,42,graph_topo,0.5,0.5,64,64,0.2,0.1,0.1,0.1,"degree,closeness",0.4531929552555084
val,grasec_data_32_51,1,0.6010366678237915,1,grasec,42,graph_topo,0.5,0.5,64,64,0.2,0.1,0.1,0.1,"degree,closeness",0.4531929552555084
val,grasec_data_42_50,1,0.37327409982681276,0,grasec,42,graph_topo,0.5,0.5,64,64,0.2,0.1,0.1,0.1,"degree,closeness",0.4531929552555084
val,grasec_data_19_50,1,1.0754316687583922,1,grasec,42,graph_topo,0.5,0.5,64,64,0.2,0.1,0.1,0.1,"degree,closeness",0.4531929552555084
val,grasec_data_57_25,0,0.5474285244941711,1,grasec,42,graph_topo,0.5,0.5,64,64,0.2,0.1,0.1,0.1,"degree,closeness",0.4531929552555084
val,grasec_data_42_51,1,0.29753962010145185,0,grasec,42,graph_topo,0.5,0.5,64,64,0.2,0.1,0.1,0.1,"degree,closeness",0.4531929552555084
val,grasec_data_57_29,0,0.7843542218208313,1,grasec,42,graph_topo,0.5,0.5,64,64,0.2,0.1,0.1,0.1,"degree,closeness",0.4531929552555084
val,grasec_data_57_9,0,0.33930380940437316,0,grasec,42,graph_topo,0.5,0.5,64,64,0.2,0.1,0.1,0.1,"degree,closeness",0.4531929552555084
val,grasec_data_57_14,0,0.42446357011795044,0,grasec,42,graph_topo,0.5,0.5,64,64,0.2,0.1,0.1,0.1,"degree,closeness",0.4531929552555084
val,grasec_data_47_85,0,0.2381921663880348,0,grasec,42,graph_topo,0.5,0.5,64,64,0.2,0.1,0.1,0.1,"degree,closeness",0.4531929552555084
val,grasec_data_32_20,1,0.9138607621192932,1,grasec,42,graph_topo,0.5,0.5,64,64,0.2,0.1,0.1,0.1,"degree,closeness",0.4531929552555084
val,grasec_data_57_43,0,0.5930694580078125,1,grasec,42,graph_topo,0.5,0.5,64,64,0.2,0.1,0.1,0.1,"degree,closeness",0.4531929552555084
val,grasec_data_19_2,1,1.0890659093856812,1,grasec,42,graph_topo,0.5,0.5,64,64,0.2,0.1,0.1,0.1,"degree,closeness",0.4531929552555084
val,grasec_data_61_56,1,0.9707390189170837,1,grasec,42,graph_topo,0.5,0.5,64,64,0.2,0.1,0.1,0.1,"degree,closeness",0.4531929552555084
val,grasec_data_57_59,0,0.6640843272209167,1,grasec,42,graph_topo,0.5,0.5,64,64,0.2,0.1,0.1,0.1,"degree,closeness",0.4531929552555084
val,grasec_data_61_84,1,0.5489069819450378,1,grasec,42,graph_topo,0.5,0.5,64,64,0.2,0.1,0.1,0.1,"degree,closeness",0.4531929552555084
val,grasec_data_19_55,1,1.0455742955207825,1,grasec,42,graph_topo,0.5,0.5,64,64,0.2,0.1,0.1,0.1,"degree,closeness",0.4531929552555084
val,grasec_data_32_72,1,0.4058485567569733,0,grasec,42,graph_topo,0.5,0.5,64,64,0.2,0.1,0.1,0.1,"degree,closeness",0.4531929552555084
val,grasec_data_42_19,1,0.8464832961559295,1,grasec,42,graph_topo,0.5,0.5,64,64,0.2,0.1,0.1,0.1,"degree,closeness",0.4531929552555084
val,grasec_data_35_32,0,0.6357584953308105,1,grasec,42,graph_topo,0.5,0.5,64,64,0.2,0.1,0.1,0.1,"degree,closeness",0.4531929552555084
val,grasec_data_57_77,0,0.3691616952419281,0,grasec,42,graph_topo,0.5,0.5,64,64,0.2,0.1,0.1,0.1,"degree,closeness",0.4531929552555084
val,grasec_data_61_31,1,0.8710605144500733,1,grasec,42,graph_topo,0.5,0.5,64,64,0.2,0.1,0.1,0.1,"degree,closeness",0.4531929552555084
val,grasec_data_61_99,1,0.5756690442562103,1,grasec,42,graph_topo,0.5,0.5,64,64,0.2,0.1,0.1,0.1,"degree,closeness",0.4531929552555084
val,grasec_data_57_7,0,0.6957116425037384,1,grasec,42,graph_topo,0.5,0.5,64,64,0.2,0.1,0.1,0.1,"degree,closeness",0.4531929552555084
val,grasec_data_57_8,0,0.7441773295402527,1,grasec,42,graph_topo,0.5,0.5,64,64,0.2,0.1,0.1,0.1,"degree,closeness",0.4531929552555084
val,grasec_data_57_5,0,0.33421520292758944,0,grasec,42,graph_topo,0.5,0.5,64,64,0.2,0.1,0.1,0.1,"degree,closeness",0.4531929552555084
val,grasec_data_47_83,0,0.6418371319770813,1,grasec,42,graph_topo,0.5,0.5,64,64,0.2,0.1,0.1,0.1,"degree,closeness",0.4531929552555084
val,grasec_data_19_26,1,1.055643904209137,1,grasec,42,graph_topo,0.5,0.5,64,64,0.2,0.1,0.1,0.1,"degree,closeness",0.4531929552555084
val,grasec_data_19_61,1,1.0427627921104432,1,grasec,42,graph_topo,0.5,0.5,64,64,0.2,0.1,0.1,0.1,"degree,closeness",0.4531929552555084
val,grasec_data_19_56,1,1.0843971371650696,1,grasec,42,graph_topo,0.5,0.5,64,64,0.2,0.1,0.1,0.1,"degree,closeness",0.4531929552555084
val,grasec_data_35_35,0,0.22227426320314408,0,grasec,42,graph_topo,0.5,0.5,64,64,0.2,0.1,0.1,0.1,"degree,closeness",0.4531929552555084
val,grasec_data_19_0,1,1.0843096613883971,1,grasec,42,graph_topo,0.5,0.5,64,64,0.2,0.1,0.1,0.1,"degree,closeness",0.4531929552555084
val,grasec_data_57_73,0,0.4394924223423004,0,grasec,42,graph_topo,0.5,0.5,64,64,0.2,0.1,0.1,0.1,"degree,closeness",0.4531929552555084
val,grasec_data_32_64,1,0.473440557718277,1,grasec,42,graph_topo,0.5,0.5,64,64,0.2,0.1,0.1,0.1,"degree,closeness",0.4531929552555084
val,grasec_data_57_74,0,0.6354363441467286,1,grasec,42,graph_topo,0.5,0.5,64,64,0.2,0.1,0.1,0.1,"degree,closeness",0.4531929552555084
val,grasec_data_47_76,0,0.19885477647185326,0,grasec,42,graph_topo,0.5,0.5,64,64,0.2,0.1,0.1,0.1,"degree,closeness",0.4531929552555084
val,grasec_data_47_11,0,0.3886422097682953,0,grasec,42,graph_topo,0.5,0.5,64,64,0.2,0.1,0.1,0.1,"degree,closeness",0.4531929552555084
val,grasec_data_46_30,0,0.593246990442276,1,grasec,42,graph_topo,0.5,0.5,64,64,0.2,0.1,0.1,0.1,"degree,closeness",0.4531929552555084
val,grasec_data_47_81,0,0.19889667332172395,0,grasec,42,graph_topo,0.5,0.5,64,64,0.2,0.1,0.1,0.1,"degree,closeness",0.4531929552555084
val,grasec_data_32_41,1,0.3997431814670563,0,grasec,42,graph_topo,0.5,0.5,64,64,0.2,0.1,0.1,0.1,"degree,closeness",0.4531929552555084
val,grasec_data_35_33,0,0.28873664140701294,0,grasec,42,graph_topo,0.5,0.5,64,64,0.2,0.1,0.1,0.1,"degree,closeness",0.4531929552555084
val,grasec_data_32_54,1,0.2835727632045746,0,grasec,42,graph_topo,0.5,0.5,64,64,0.2,0.1,0.1,0.1,"degree,closeness",0.4531929552555084
val,grasec_data_57_6,0,0.4904670774936676,1,grasec,42,graph_topo,0.5,0.5,64,64,0.2,0.1,0.1,0.1,"degree,closeness",0.4531929552555084
val,grasec_data_57_32,0,0.7532427191734314,1,grasec,42,graph_topo,0.5,0.5,64,64,0.2,0.1,0.1,0.1,"degree,closeness",0.4531929552555084
val,grasec_data_47_79,0,0.4724910080432892,1,grasec,42,graph_topo,0.5,0.5,64,64,0.2,0.1,0.1,0.1,"degree,closeness",0.4531929552555084
val,grasec_data_47_12,0,0.22603772282600404,0,grasec,42,graph_topo,0.5,0.5,64,64,0.2,0.1,0.1,0.1,"degree,closeness",0.4531929552555084
val,grasec_data_19_77,1,1.0718338251113892,1,grasec,42,graph_topo,0.5,0.5,64,64,0.2,0.1,0.1,0.1,"degree,closeness",0.4531929552555084
val,grasec_data_19_45,1,0.9446872711181641,1,grasec,42,graph_topo,0.5,0.5,64,64,0.2,0.1,0.1,0.1,"degree,closeness",0.4531929552555084
val,grasec_data_32_56,1,0.48698829412460326,1,grasec,42,graph_topo,0.5,0.5,64,64,0.2,0.1,0.1,0.1,"degree,closeness",0.4531929552555084
val,grasec_data_42_28,1,0.32372778058052065,0,grasec,42,graph_topo,0.5,0.5,64,64,0.2,0.1,0.1,0.1,"degree,closeness",0.4531929552555084
val,grasec_data_19_88,1,0.8117224693298339,1,grasec,42,graph_topo,0.5,0.5,64,64,0.2,0.1,0.1,0.1,"degree,closeness",0.4531929552555084
val,grasec_data_42_57,1,0.7645418643951416,1,grasec,42,graph_topo,0.5,0.5,64,64,0.2,0.1,0.1,0.1,"degree,closeness",0.4531929552555084
val,grasec_data_57_0,0,0.703891110420227,1,grasec,42,graph_topo,0.5,0.5,64,64,0.2,0.1,0.1,0.1,"degree,closeness",0.4531929552555084
val,grasec_data_32_58,1,0.519399094581604,1,grasec,42,graph_topo,0.5,0.5,64,64,0.2,0.1,0.1,0.1,"degree,closeness",0.4531929552555084
val,grasec_data_57_34,0,0.6851340770721436,1,grasec,42,graph_topo,0.5,0.5,64,64,0.2,0.1,0.1,0.1,"degree,closeness",0.4531929552555084
test,grasec_data_61_27,0,0.21704410165548324,0,grasec,42,graph_topo,0.5,0.5,64,64,0.2,0.1,0.1,0.1,"degree,closeness",0.4531929552555084
test,grasec_data_61_23,0,0.43003987073898314,0,grasec,42,graph_topo,0.5,0.5,64,64,0.2,0.1,0.1,0.1,"degree,closeness",0.4531929552555084
test,grasec_data_42_55,1,0.7592808604240417,1,grasec,42,graph_topo,0.5,0.5,64,64,0.2,0.1,0.1,0.1,"degree,closeness",0.4531929552555084
test,grasec_data_61_57,1,0.6300755262374877,1,grasec,42,graph_topo,0.5,0.5,64,64,0.2,0.1,0.1,0.1,"degree,closeness",0.4531929552555084
test,grasec_data_42_11,0,0.9463693618774414,1,grasec,42,graph_topo,0.5,0.5,64,64,0.2,0.1,0.1,0.1,"degree,closeness",0.4531929552555084
test,grasec_data_42_13,0,0.6412420213222504,1,grasec,42,graph_topo,0.5,0.5,64,64,0.2,0.1,0.1,0.1,"degree,closeness",0.4531929552555084
test,grasec_data_61_24,0,0.46447227597236634,1,grasec,42,graph_topo,0.5,0.5,64,64,0.2,0.1,0.1,0.1,"degree,closeness",0.4531929552555084
test,grasec_data_19_10,1,1.0818925261497498,1,grasec,42,graph_topo,0.5,0.5,64,64,0.2,0.1,0.1,0.1,"degree,closeness",0.4531929552555084
test,grasec_data_61_72,1,0.5956727862358093,1,grasec,42,graph_topo,0.5,0.5,64,64,0.2,0.1,0.1,0.1,"degree,closeness",0.4531929552555084
test,grasec_data_42_8,0,0.2615959167480469,0,grasec,42,graph_topo,0.5,0.5,64,64,0.2,0.1,0.1,0.1,"degree,closeness",0.4531929552555084
test,grasec_data_32_22,1,0.9283405184745789,1,grasec,42,graph_topo,0.5,0.5,64,64,0.2,0.1,0.1,0.1,"degree,closeness",0.4531929552555084
test,grasec_data_61_25,0,0.36760412752628324,0,grasec,42,graph_topo,0.5,0.5,64,64,0.2,0.1,0.1,0.1,"degree,closeness",0.4531929552555084
test,grasec_data_32_99,0,0.21291972398757936,0,grasec,42,graph_topo,0.5,0.5,64,64,0.2,0.1,0.1,0.1,"degree,closeness",0.4531929552555084
test,grasec_data_42_90,1,0.7263262391090393,1,grasec,42,graph_topo,0.5,0.5,64,64,0.2,0.1,0.1,0.1,"degree,closeness",0.4531929552555084
test,grasec_data_19_83,0,0.22806493937969208,0,grasec,42,graph_topo,0.5,0.5,64,64,0.2,0.1,0.1,0.1,"degree,closeness",0.4531929552555084
test,grasec_data_32_78,1,0.5884786725044251,1,grasec,42,graph_topo,0.5,0.5,64,64,0.2,0.1,0.1,0.1,"degree,closeness",0.4531929552555084
test,grasec_data_32_28,0,0.37482510805130004,0,grasec,42,graph_topo,0.5,0.5,64,64,0.2,0.1,0.1,0.1,"degree,closeness",0.4531929552555084
test,grasec_data_32_34,0,0.5289109140634537,1,grasec,42,graph_topo,0.5,0.5,64,64,0.2,0.1,0.1,0.1,"degree,closeness",0.4531929552555084
test,grasec_data_42_2,1,0.2518219605088234,0,grasec,42,graph_topo,0.5,0.5,64,64,0.2,0.1,0.1,0.1,"degree,closeness",0.4531929552555084
test,grasec_data_42_10,0,0.33441638946533203,0,grasec,42,graph_topo,0.5,0.5,64,64,0.2,0.1,0.1,0.1,"degree,closeness",0.4531929552555084
test,grasec_data_42_73,1,0.7313203692436219,1,grasec,42,graph_topo,0.5,0.5,64,64,0.2,0.1,0.1,0.1,"degree,closeness",0.4531929552555084
test,grasec_data_32_100,0,0.5379223614931107,1,grasec,42,graph_topo,0.5,0.5,64,64,0.2,0.1,0.1,0.1,"degree,closeness",0.4531929552555084
test,grasec_data_19_21,1,1.08093364238739,1,grasec,42,graph_topo,0.5,0.5,64,64,0.2,0.1,0.1,0.1,"degree,closeness",0.4531929552555084
test,grasec_data_61_33,1,0.8947507619857789,1,grasec,42,graph_topo,0.5,0.5,64,64,0.2,0.1,0.1,0.1,"degree,closeness",0.4531929552555084
test,grasec_data_42_43,1,0.30297355353832245,0,grasec,42,graph_topo,0.5,0.5,64,64,0.2,0.1,0.1,0.1,"degree,closeness",0.4531929552555084
test,grasec_data_42_77,1,0.6749892115592957,1,grasec,42,graph_topo,0.5,0.5,64,64,0.2,0.1,0.1,0.1,"degree,closeness",0.4531929552555084
test,grasec_data_19_82,0,0.3529007911682129,0,grasec,42,graph_topo,0.5,0.5,64,64,0.2,0.1,0.1,0.1,"degree,closeness",0.4531929552555084
test,grasec_data_61_88,1,0.5832985043525696,1,grasec,42,graph_topo,0.5,0.5,64,64,0.2,0.1,0.1,0.1,"degree,closeness",0.4531929552555084
test,grasec_data_61_81,1,0.7571211934089661,1,grasec,42,graph_topo,0.5,0.5,64,64,0.2,0.1,0.1,0.1,"degree,closeness",0.4531929552555084
test,grasec_data_32_12,1,0.9894594192504883,1,grasec,42,graph_topo,0.5,0.5,64,64,0.2,0.1,0.1,0.1,"degree,closeness",0.4531929552555084
test,grasec_data_32_29,0,0.30142125487327576,0,grasec,42,graph_topo,0.5,0.5,64,64,0.2,0.1,0.1,0.1,"degree,closeness",0.4531929552555084
test,grasec_data_61_97,1,0.7529759526252746,1,grasec,42,graph_topo,0.5,0.5,64,64,0.2,0.1,0.1,0.1,"degree,closeness",0.4531929552555084
test,grasec_data_42_63,1,0.6728608250617981,1,grasec,42,graph_topo,0.5,0.5,64,64,0.2,0.1,0.1,0.1,"degree,closeness",0.4531929552555084
test,grasec_data_32_47,0,0.4942174360156059,1,grasec,42,graph_topo,0.5,0.5,64,64,0.2,0.1,0.1,0.1,"degree,closeness",0.4531929552555084
test,grasec_data_32_26,0,0.3931498065590858,0,grasec,42,graph_topo,0.5,0.5,64,64,0.2,0.1,0.1,0.1,"degree,closeness",0.4531929552555084
test,grasec_data_42_9,0,0.7205733776092529,1,grasec,42,graph_topo,0.5,0.5,64,64,0.2,0.1,0.1,0.1,"degree,closeness",0.4531929552555084
test,grasec_data_32_27,0,0.5212908387184143,1,grasec,42,graph_topo,0.5,0.5,64,64,0.2,0.1,0.1,0.1,"degree,closeness",0.4531929552555084
test,grasec_data_32_85,1,0.4260567307472229,0,grasec,42,graph_topo,0.5,0.5,64,64,0.2,0.1,0.1,0.1,"degree,closeness",0.4531929552555084
test,grasec_data_61_14,1,0.8145908713340759,1,grasec,42,graph_topo,0.5,0.5,64,64,0.2,0.1,0.1,0.1,"degree,closeness",0.4531929552555084
test,grasec_data_61_39,1,0.8975190281867981,1,grasec,42,graph_topo,0.5,0.5,64,64,0.2,0.1,0.1,0.1,"degree,closeness",0.4531929552555084
test,grasec_data_42_12,0,0.5117215514183044,1,grasec,42,graph_topo,0.5,0.5,64,64,0.2,0.1,0.1,0.1,"degree,closeness",0.4531929552555084
test,grasec_data_42_71,1,0.7241944432258606,1,grasec,42,graph_topo,0.5,0.5,64,64,0.2,0.1,0.1,0.1,"degree,closeness",0.4531929552555084
test,grasec_data_32_25,0,0.5045173585414886,1,grasec,42,graph_topo,0.5,0.5,64,64,0.2,0.1,0.1,0.1,"degree,closeness",0.4531929552555084
test,grasec_data_61_26,0,0.4236060857772827,0,grasec,42,graph_topo,0.5,0.5,64,64,0.2,0.1,0.1,0.1,"degree,closeness",0.4531929552555084
