dataset,model,label_ratio,f1,AUROC,AUPRC,recall_at_5_percent_fpr,accuracy,precision,recall
OPTC,svm,0.1,0.3384615384615385,0.7452891487979207,0.19963298145335473,0.017543859649122806,0.5603271983640081,0.20522388059701493,0.9649122807017544
OPTC,gnn,0.1,0.35555555555555557,0.7728232618583496,0.23054077806384407,0.08771929824561403,0.5848670756646217,0.21705426356589147,0.9824561403508771
OPTC,topogcl,0.1,0.22444889779559118,0.37357862248213125,0.10762070670827939,0.0,0.2085889570552147,0.12669683257918551,0.9824561403508771
OPTC,svm,0.5,0.3384615384615385,0.7452891487979207,0.19963298145335473,0.017543859649122806,0.5603271983640081,0.20522388059701493,0.9649122807017544
OPTC,gnn,0.5,0.35668789808917195,0.7768843404808318,0.22955615357085218,0.08771929824561403,0.5869120654396728,0.2178988326848249,0.9824561403508771
OPTC,topogcl,0.5,0.21912350597609562,0.26906676413255354,0.08933744660130033,0.0,0.1983640081799591,0.12359550561797752,0.9649122807017544
OPTC,svm,1.0,0.3384615384615385,0.7452891487979207,0.19963298145335473,0.017543859649122806,0.5603271983640081,0.20522388059701493,0.9649122807017544
OPTC,gnn,1.0,0.35555555555555557,0.7746913580246914,0.22546379881724832,0.08771929824561403,0.5848670756646217,0.21705426356589147,0.9824561403508771
OPTC,topogcl,1.0,0.3151862464183381,0.6547067901234568,0.1711700743080576,0.017543859649122806,0.5112474437627812,0.18835616438356165,0.9649122807017544
