window_start,score,flag,split
0,14.563907623291016,0,train
300,14.460824966430664,0,train
600,16.161142349243164,0,train
900,17.197105407714844,0,train
1200,18.541112899780273,0,train
1500,17.60946273803711,0,train
1800,16.260988235473633,0,train
2100,18.458101272583008,0,train
2400,6.617704391479492,0,train
2700,8.770478248596191,0,train
3000,12.29296588897705,0,train
3300,8.340134620666504,0,train
3600,13.943357467651367,0,train
3900,14.774670600891113,0,train
4200,15.866777420043945,0,train
4500,17.48475456237793,0,train
4800,18.092792510986328,0,train
5100,16.57839584350586,0,train
5400,17.292720794677734,0,train
5700,18.25094985961914,0,train
6000,50.770538330078125,1,train
6300,7.784421920776367,0,train
6600,10.111509323120117,0,train
6900,8.687187194824219,0,train
7200,14.390863418579102,0,train
7500,14.527372360229492,0,train
7800,16.4377384185791,0,train
8100,16.478811264038086,0,train
8400,17.79180335998535,0,train
8700,16.565744400024414,0,train
9000,17.349109649658203,0,train
9300,18.6275691986084,0,train
9600,6.151339054107666,0,train
9900,10.278003692626953,0,train
10200,7.383764266967773,0,train
10500,14.612020492553711,0,train
10800,11.15088939666748,0,train
11100,17.477548599243164,0,train
11400,15.971301078796387,0,train
11700,16.943979263305664,0,train
12000,17.4988956451416,0,train
12300,16.730430603027344,0,train
12600,17.323333740234375,0,train
12900,17.728927612304688,0,train
13200,7.958651542663574,0,train
13500,5.964921474456787,0,train
13800,6.793685436248779,0,train
14100,8.289525032043457,0,train
14400,13.472923278808594,0,train
14700,13.12036418914795,0,train
15000,15.273368835449219,0,train
15300,16.06707191467285,0,train
15600,17.57712745666504,0,train
15900,15.981685638427734,0,train
16200,16.355369567871094,0,train
16500,17.242177963256836,0,train
16800,6.471948146820068,0,train
17100,8.363468170166016,0,train
17400,7.697909832000732,0,train
17700,10.722884178161621,0,train
18000,14.780967712402344,0,train
18300,14.324621200561523,0,train
18600,15.191975593566895,0,train
18900,17.22225570678711,0,train
19200,17.69829559326172,0,train
19500,16.089168548583984,0,train
19800,15.689936637878418,0,train
20100,15.00698471069336,0,train
20400,8.199374198913574,0,train
20700,8.96596908569336,0,train
21000,3.5627646446228027,0,train
21300,11.643627166748047,0,train
21600,9.610459327697754,0,train
21900,11.572571754455566,0,train
22200,8.209464073181152,0,train
22500,8.232391357421875,0,train
22800,9.508818626403809,0,train
23100,6.041093826293945,0,train
23400,6.082639694213867,0,train
23700,7.463351726531982,0,train
24000,14.418380737304688,0,train
24300,11.326842308044434,0,train
24600,2.5100672245025635,0,train
24900,6.49568510055542,0,train
25200,5.623203277587891,0,train
25500,3.3608994483947754,0,train
25800,26.308183670043945,0,train
26100,6.164517879486084,0,train
26400,29.234495162963867,0,train
26700,4.006396293640137,0,train
27000,7.238279342651367,0,train
27300,11.751896858215332,0,train
27600,5.742066383361816,0,train
27900,8.331318855285645,0,train
28200,3.1103575229644775,0,train
28500,5.077142715454102,0,train
28800,4.3034443855285645,0,train
29100,4.045127868652344,0,train
29400,21.548587799072266,0,train
29700,5.232175827026367,0,train
30000,7.9835076332092285,0,train
30300,6.053916931152344,0,train
30600,3.7531239986419678,0,train
30900,5.731247425079346,0,train
31200,4.198859214782715,0,train
31500,7.7650017738342285,0,train
31800,4.511398792266846,0,train
32100,27.976470947265625,0,train
32400,113.76525115966797,1,train
32700,6.727318286895752,0,train
33000,7.9786176681518555,0,train
33300,5.965290546417236,0,train
33600,5.557990074157715,0,train
33900,4.872410774230957,0,train
34200,4.419312000274658,0,train
34500,39.558406829833984,0,train
34800,4.156929016113281,0,train
35100,3.91003680229187,0,train
35400,5.01344633102417,0,train
35700,8.149385452270508,0,train
36000,7.127045154571533,0,train
36300,9.101957321166992,0,train
36600,8.624579429626465,0,train
36900,6.963650703430176,0,train
37200,5.360352516174316,0,train
37500,9.92306900024414,0,train
37800,7.01632833480835,0,train
38100,10.566946029663086,0,train
38400,6.135539531707764,0,train
38700,4.632684230804443,0,train
39000,4.167940139770508,0,train
39300,14.165299415588379,0,train
39600,3.4190096855163574,0,train
39900,6.141908645629883,0,train
40200,47.09505844116211,1,train
40500,5.925673961639404,0,train
40800,7.632569313049316,0,train
41100,8.49409294128418,0,train
41400,9.072036743164062,0,train
41700,7.449612140655518,0,train
42000,8.468575477600098,0,train
42300,5.400278568267822,0,train
42600,7.725642681121826,0,train
42900,10.272828102111816,0,train
43200,7.535154342651367,0,train
43500,6.922497272491455,0,train
43800,5.525810718536377,0,train
44100,6.449883937835693,0,train
44400,7.06450891494751,0,train
44700,8.990825653076172,0,train
45000,8.424921035766602,0,train
45300,8.758134841918945,0,train
45600,23.624841690063477,0,train
45900,5.248648643493652,0,train
46200,7.056577205657959,0,train
46500,8.762690544128418,0,train
46800,8.406657218933105,0,train
47100,9.022669792175293,0,train
47400,8.031516075134277,0,train
47700,9.980595588684082,0,train
48000,7.822244644165039,0,train
48300,5.822312831878662,0,train
48600,7.857381820678711,0,train
48900,8.220699310302734,0,train
49200,7.888518333435059,0,train
49500,5.717350006103516,0,train
49800,4.60438346862793,0,train
50100,5.892468452453613,0,train
50400,7.217174530029297,0,train
50700,9.916203498840332,0,train
51000,6.32732629776001,0,train
51300,7.999429702758789,0,train
51600,7.368391990661621,0,train
51900,8.360715866088867,0,train
52200,6.4870219230651855,0,train
52500,8.318411827087402,0,train
52800,6.99771785736084,0,train
53100,5.1931281089782715,0,train
53400,1.2721083164215088,0,train
53700,8.708109855651855,0,train
54000,7.8214898109436035,0,train
54300,7.9984354972839355,0,train
54600,2.8318514823913574,0,train
54900,8.97795581817627,0,train
55200,5.879020690917969,0,train
55500,7.288107395172119,0,train
55800,7.541341781616211,0,train
56100,6.298867225646973,0,train
56400,7.909830570220947,0,train
56700,3.360491991043091,0,train
57000,5.547036170959473,0,train
57300,20.87006378173828,0,train
57600,8.548327445983887,0,train
57900,26.79732894897461,0,train
58200,7.818176746368408,0,train
58500,10.150028228759766,0,train
58800,8.55808162689209,0,train
59100,10.06801700592041,0,train
59400,9.944710731506348,0,train
59700,7.753849983215332,0,train
60000,9.313074111938477,0,train
60300,5.3152313232421875,0,train
60600,2.933553457260132,0,train
60900,44.55828094482422,1,train
61200,11.536848068237305,0,train
61500,8.097565650939941,0,train
61800,7.47247838973999,0,train
62100,11.6350679397583,0,train
62400,11.784737586975098,0,train
62700,6.510893821716309,0,train
63000,7.721184253692627,0,train
63300,10.057352066040039,0,train
63600,5.090673923492432,0,train
63900,4.78519868850708,0,train
64200,5.107388019561768,0,train
64500,7.924431800842285,0,train
64800,6.585649013519287,0,train
65100,13.264963150024414,0,train
65400,8.828836441040039,0,train
65700,9.850045204162598,0,train
66000,11.917191505432129,0,train
66300,15.509787559509277,0,train
66600,8.84755802154541,0,train
66900,6.844984531402588,0,train
67200,7.709847927093506,0,train
67500,6.691404342651367,0,train
67800,5.714992046356201,0,train
68100,14.676687240600586,0,train
68400,9.383833885192871,0,train
68700,14.655961990356445,0,train
69000,10.795727729797363,0,train
69300,14.830904960632324,0,train
69600,10.372305870056152,0,train
69900,10.99864387512207,0,train
70200,11.005891799926758,0,train
70500,15.945577621459961,0,train
70800,10.817655563354492,0,train
71100,8.137356758117676,0,train
71400,10.652009010314941,0,train
71700,12.600760459899902,0,train
72000,11.723093032836914,0,train
72300,11.931462287902832,0,train
72600,12.182465553283691,0,train
72900,12.812848091125488,0,train
73200,12.76417064666748,0,train
73500,13.187064170837402,0,train
73800,11.606210708618164,0,train
74100,10.108439445495605,0,train
74400,7.926856517791748,0,train
74700,9.203457832336426,0,train
75000,10.531661033630371,0,train
75300,11.688324928283691,0,train
75600,7.239584445953369,0,train
75900,8.176877975463867,0,train
76200,10.989561080932617,0,train
76500,11.273625373840332,0,train
76800,13.012557029724121,0,train
77100,13.664848327636719,0,train
77400,11.307324409484863,0,train
77700,13.339988708496094,0,train
78000,11.612839698791504,0,train
78300,6.69019889831543,0,train
78600,10.428743362426758,0,train
78900,12.818452835083008,0,train
79200,11.39441967010498,0,train
79500,12.35883617401123,0,train
79800,12.35785961151123,0,train
80100,7.023629665374756,0,train
80400,12.60379409790039,0,train
80700,13.28564453125,0,train
81000,11.55369758605957,0,train
81300,12.836433410644531,0,train
81600,10.151703834533691,0,train
81900,6.694614410400391,0,train
82200,10.520421028137207,0,train
82500,12.806062698364258,0,train
82800,11.4655122756958,0,train
83100,12.295358657836914,0,train
83400,13.378636360168457,0,train
83700,11.853405952453613,0,train
84000,13.78095531463623,0,train
84300,13.218369483947754,0,train
84600,11.89835262298584,0,train
84900,13.065194129943848,0,train
85200,35.8492546081543,0,train
85500,5.922979831695557,0,train
85800,10.128212928771973,0,train
86100,12.880523681640625,0,train
86400,12.417437553405762,0,train
86700,12.044364929199219,0,train
87000,10.431241989135742,0,train
87300,11.362579345703125,0,train
87600,12.97354793548584,0,train
87900,13.311097145080566,0,train
88200,11.875020980834961,0,train
88500,13.179122924804688,0,train
88800,4.470465660095215,0,train
89100,6.643475532531738,0,train
89400,11.083775520324707,0,train
89700,13.741032600402832,0,train
90000,11.916437149047852,0,train
90300,11.582452774047852,0,train
90600,9.158594131469727,0,train
90900,12.487549781799316,0,train
91200,13.236003875732422,0,train
91500,13.350075721740723,0,train
91800,8.783935546875,0,train
92100,12.375457763671875,0,train
92400,5.259195327758789,0,train
92700,4.131449222564697,0,train
93000,7.2921953201293945,0,train
93300,12.204330444335938,0,train
93600,19.318513870239258,0,train
93900,31.126482009887695,0,train
94200,10.132170677185059,0,train
94500,47.036643981933594,1,train
94800,13.03824234008789,0,train
95100,11.278409004211426,0,train
95400,11.534891128540039,0,train
95700,11.290731430053711,0,train
96000,4.490409851074219,0,train
96300,7.829863548278809,0,train
96600,10.802302360534668,0,train
96900,12.68648624420166,0,train
97200,11.38009262084961,0,train
97500,10.902387619018555,0,train
97800,12.322505950927734,0,train
98100,10.170710563659668,0,train
98400,12.803413391113281,0,train
98700,12.805058479309082,0,train
99000,11.60081672668457,0,train
99300,7.585596561431885,0,train
99600,9.854463577270508,0,train
99900,3.8423213958740234,0,train
100200,9.488295555114746,0,train
100500,12.207012176513672,0,train
100800,10.729036331176758,0,train
101100,1.972750186920166,0,train
101400,11.815483093261719,0,train
101700,10.554130554199219,0,train
102000,12.80125617980957,0,train
102300,12.789275169372559,0,train
102600,12.040889739990234,0,train
102900,9.290461540222168,0,train
103200,8.54257583618164,0,train
103500,4.164318084716797,0,train
103800,9.873353004455566,0,train
104100,12.685576438903809,0,train
104400,11.727790832519531,0,train
104700,11.93458080291748,0,train
105000,12.080727577209473,0,train
105300,11.751993179321289,0,train
105600,13.448226928710938,0,train
105900,12.295105934143066,0,train
106200,12.38752269744873,0,train
106500,12.227005958557129,0,train
106800,10.782393455505371,0,train
107100,5.958995819091797,0,train
107400,9.442742347717285,0,train
107700,11.406649589538574,0,train
108000,10.694388389587402,0,train
108300,9.780771255493164,0,train
108600,10.70926570892334,0,train
108900,10.034221649169922,0,train
109200,10.343737602233887,0,train
109500,10.336736679077148,0,train
109800,2.0981061458587646,0,train
110100,10.499013900756836,0,train
110400,2.7872977256774902,0,train
110700,5.526243686676025,0,train
111000,4.977051734924316,0,train
111300,7.203503608703613,0,train
111600,6.501914024353027,0,train
111900,5.586759567260742,0,train
112200,5.643344402313232,0,train
112500,7.188449859619141,0,train
112800,6.2342400550842285,0,train
113100,6.318140029907227,0,train
113400,6.983972549438477,0,train
113700,7.248347282409668,0,train
114000,3.2593467235565186,0,train
114300,4.97191047668457,0,train
114600,4.378781795501709,0,train
114900,18.526405334472656,0,train
115200,5.150517463684082,0,train
115500,4.266427040100098,0,train
115800,17.93902015686035,0,train
116100,6.033243179321289,0,train
116400,3.692373275756836,0,train
116700,6.42307710647583,0,train
117000,5.758298873901367,0,train
117300,7.734414100646973,0,train
117600,4.362756252288818,0,train
117900,4.972146034240723,0,train
118200,6.11704683303833,0,train
118500,9.12436580657959,0,train
118800,5.732560157775879,0,train
119100,6.648034572601318,0,train
119400,79.19184875488281,1,train
119700,5.757701873779297,0,train
120000,4.8680739402771,0,train
120300,5.972909927368164,0,train
120600,6.565849304199219,0,train
120900,6.406882286071777,0,train
121200,4.569787979125977,0,train
121500,17.16953468322754,0,train
121800,83.9620361328125,1,train
122100,8.478948593139648,0,train
122400,6.968513488769531,0,train
122700,5.9687042236328125,0,train
123000,5.885527610778809,0,train
123300,1.9408843517303467,0,train
123600,6.383634090423584,0,train
123900,2.659132242202759,0,train
124200,5.704522132873535,0,train
124500,4.0822954177856445,0,train
124800,5.520564079284668,0,train
125100,6.496250152587891,0,train
125400,6.782216548919678,0,train
125700,6.232502460479736,0,train
126000,4.925853729248047,0,train
126300,7.822555065155029,0,train
126600,5.487344741821289,0,train
126900,8.249541282653809,0,train
127200,7.447227954864502,0,train
127500,12.500711441040039,0,train
127800,8.110944747924805,0,train
128100,8.403158187866211,0,train
128400,6.616175651550293,0,train
128700,7.042369365692139,0,train
129000,6.266087532043457,0,train
129300,9.457837104797363,0,train
129600,7.985660076141357,0,train
129900,7.991264343261719,0,train
130200,5.798813819885254,0,train
130500,6.718928337097168,0,train
130800,6.964301109313965,0,train
131100,6.720564842224121,0,train
131400,7.863123893737793,0,train
131700,8.614450454711914,0,train
132000,4.874411582946777,0,train
132300,4.0701584815979,0,train
132600,2.9426705837249756,0,train
132900,7.665793418884277,0,train
133200,8.548141479492188,0,train
133500,6.333675861358643,0,train
133800,7.018243789672852,0,train
134100,8.147576332092285,0,train
134400,3.938420534133911,0,train
134700,8.098508834838867,0,train
135000,6.128241062164307,0,train
135300,8.38551139831543,0,train
135600,6.8291707038879395,0,train
135900,5.191716194152832,0,train
136200,5.44748592376709,0,train
136500,6.520546913146973,0,train
136800,4.557937145233154,0,train
137100,6.661616802215576,0,train
137400,6.418584823608398,0,train
137700,8.602174758911133,0,train
138000,17.827409744262695,0,train
138300,8.152643203735352,0,train
138600,6.421498775482178,0,train
138900,6.488899230957031,0,train
139200,5.280878067016602,0,train
139500,4.2519707679748535,0,train
139800,123.00601196289062,1,train
140100,59.685306549072266,1,train
140400,6.817450523376465,0,train
140700,8.537253379821777,0,train
141000,6.863408088684082,0,train
141300,8.03450870513916,0,train
141600,8.17109489440918,0,train
141900,8.90429973602295,0,train
142200,6.868398189544678,0,train
142500,33.209110260009766,0,train
142800,6.440498352050781,0,train
143100,5.950046062469482,0,train
143400,8.003957748413086,0,train
143700,7.022525787353516,0,train
144000,8.938146591186523,0,train
144300,6.048839092254639,0,train
144600,4.602175712585449,0,train
144900,6.617830753326416,0,train
145200,6.324057102203369,0,train
145500,5.238706111907959,0,train
145800,9.680081367492676,0,train
146100,7.985349178314209,0,train
146400,7.2194037437438965,0,train
146700,3.916184425354004,0,train
147000,7.273016452789307,0,train
147300,6.5109357833862305,0,train
147600,9.446186065673828,0,train
147900,8.320352554321289,0,train
148200,9.765400886535645,0,train
148500,7.3919758796691895,0,train
148800,7.356049060821533,0,train
149100,10.9088134765625,0,train
149400,11.283645629882812,0,train
149700,6.566047668457031,0,train
150000,9.67669677734375,0,train
150300,2.6343026161193848,0,train
150600,8.405473709106445,0,train
150900,11.11483383178711,0,train
151200,10.017698287963867,0,train
151500,10.668038368225098,0,train
151800,6.793386459350586,0,train
152100,9.171737670898438,0,train
152400,12.342314720153809,0,train
152700,11.57248592376709,0,train
153000,5.35646390914917,0,train
153300,11.13801097869873,0,train
153600,9.88888931274414,0,train
153900,6.332040309906006,0,train
154200,7.324084281921387,0,train
154500,11.714990615844727,0,train
154800,11.782612800598145,0,train
155100,9.505498886108398,0,train
155400,12.332777976989746,0,train
155700,11.917868614196777,0,train
156000,9.254268646240234,0,train
156300,12.143241882324219,0,train
156600,8.830533027648926,0,train
156900,11.775932312011719,0,train
157200,9.997356414794922,0,train
157500,7.239124774932861,0,train
157800,10.18850326538086,0,train
158100,11.912352561950684,0,train
158400,11.873848915100098,0,train
158700,10.092167854309082,0,train
159000,10.195804595947266,0,train
159300,11.932551383972168,0,train
159600,7.806285381317139,0,train
159900,12.214068412780762,0,train
160200,11.842535972595215,0,train
160500,12.188695907592773,0,train
160800,11.519097328186035,0,train
161100,7.152410507202148,0,train
161400,10.650659561157227,0,train
161700,8.13507080078125,0,train
162000,9.609928131103516,0,train
162300,6.373711109161377,0,train
162600,10.863048553466797,0,train
162900,11.512899398803711,0,train
163200,11.816946029663086,0,train
163500,11.823348045349121,0,train
163800,12.250311851501465,0,train
164100,10.564385414123535,0,train
164400,11.406107902526855,0,train
164700,6.589681625366211,0,train
165000,10.266043663024902,0,train
165300,10.969681739807129,0,train
165600,12.11180591583252,0,train
165900,9.762162208557129,0,train
166200,12.22068977355957,0,train
166500,10.742315292358398,0,train
166800,12.20422649383545,0,train
167100,11.75193977355957,0,train
167400,11.480782508850098,0,train
167700,11.375219345092773,0,train
168000,10.09608268737793,0,train
168300,6.449641227722168,0,train
168600,10.754392623901367,0,train
168900,10.426852226257324,0,train
169200,11.64425277709961,0,train
169500,9.74356746673584,0,train
169800,12.3203763961792,0,train
170100,11.299988746643066,0,train
170400,13.223281860351562,0,train
170700,11.469966888427734,0,train
171000,12.764847755432129,0,train
171300,11.319716453552246,0,train
171600,8.863744735717773,0,train
171900,6.153829097747803,0,train
172200,11.013283729553223,0,train
172500,10.742165565490723,0,train
172800,12.457653999328613,0,train
173100,9.81772518157959,0,train
173400,12.367055892944336,0,train
173700,10.975659370422363,0,train
174000,12.580629348754883,0,train
174300,12.207135200500488,0,train
174600,12.251657485961914,0,train
174900,11.616853713989258,0,train
175200,5.7157111167907715,0,train
175500,6.512709140777588,0,train
175800,10.714522361755371,0,train
176100,10.426424026489258,0,train
176400,12.98895263671875,0,train
176700,9.780077934265137,0,train
177000,12.811781883239746,0,train
177300,11.145381927490234,0,train
177600,12.68211555480957,0,train
177900,11.946303367614746,0,train
178200,12.130082130432129,0,train
178500,11.541787147521973,0,train
178800,9.627113342285156,0,train
179100,7.027431488037109,0,train
179400,10.672269821166992,0,train
179700,10.618915557861328,0,train
180000,11.307887077331543,0,train
180300,9.692015647888184,0,train
180600,11.818411827087402,0,train
180900,11.283085823059082,0,train
181200,12.078897476196289,0,train
181500,11.470475196838379,0,train
181800,14.55499267578125,0,train
182100,10.88120174407959,0,train
182400,13.183704376220703,0,train
182700,5.574174880981445,0,train
183000,12.568815231323242,0,train
183300,9.814817428588867,0,train
183600,14.459729194641113,0,train
183900,8.015167236328125,0,train
184200,14.511228561401367,0,train
184500,10.506875991821289,0,train
184800,15.053062438964844,0,train
185100,11.168122291564941,0,train
185400,15.198137283325195,0,train
185700,10.796067237854004,0,train
186000,14.450082778930664,0,train
186300,4.226606369018555,0,train
186600,13.648916244506836,0,train
186900,10.822336196899414,0,train
187200,14.869760513305664,0,train
187500,8.592306137084961,0,train
187800,14.537672996520996,0,train
188100,10.030820846557617,0,train
188400,14.883318901062012,0,train
188700,11.09624195098877,0,train
189000,14.915093421936035,0,train
189300,10.603535652160645,0,train
189600,11.399140357971191,0,train
189900,6.516761779785156,0,train
190200,10.891473770141602,0,train
190500,8.239788055419922,0,train
190800,14.252105712890625,0,train
191100,10.147673606872559,0,train
191400,14.309404373168945,0,train
191700,7.414664268493652,0,train
192000,15.037097930908203,0,train
192300,11.149120330810547,0,train
192600,15.222756385803223,0,train
192900,10.49892520904541,0,train
193200,12.926432609558105,0,train
193500,6.325109958648682,0,train
193800,12.432530403137207,0,train
194100,10.320658683776855,0,train
194400,13.755084991455078,0,train
194700,8.663484573364258,0,train
195000,13.430739402770996,0,train
195300,9.393872261047363,0,train
195600,10.16939926147461,0,train
195900,10.270994186401367,0,train
196200,12.20457649230957,0,train
196500,9.086483001708984,0,train
196800,12.663582801818848,0,train
197100,2.3334808349609375,0,train
197400,10.134918212890625,0,train
197700,8.85797119140625,0,train
198000,11.564163208007812,0,train
198300,6.302579879760742,0,train
198600,10.592851638793945,0,train
198900,8.586555480957031,0,train
199200,8.826818466186523,0,train
199500,11.236991882324219,0,train
199800,9.101901054382324,0,train
200100,6.435907363891602,0,train
200400,8.94484806060791,0,train
200700,3.38655161857605,0,train
201000,7.5484089851379395,0,train
201300,6.58936071395874,0,train
201600,9.417820930480957,0,train
201900,4.040003776550293,0,train
202200,7.2197585105896,0,train
202500,6.3395209312438965,0,train
202800,7.633060455322266,0,train
203100,5.377954006195068,0,train
203400,8.625826835632324,0,train
203700,6.844804763793945,0,train
204000,9.911787033081055,0,train
204300,3.814826488494873,0,train
204600,8.402642250061035,0,train
204900,6.945404052734375,0,train
205200,8.043017387390137,0,train
205500,6.105597496032715,0,train
205800,5.8620171546936035,0,train
206100,6.962301731109619,0,train
206400,6.905799388885498,0,train
206700,6.480961799621582,0,train
207000,6.566796779632568,0,train
207300,7.382417678833008,0,train
207600,4.131546497344971,0,train
207900,21.62673568725586,0,train
208200,6.16627836227417,0,train
208500,6.5800461769104,0,train
208800,414.49932861328125,1,train
209100,87.16484069824219,1,train
209400,3.147888660430908,0,train
209700,6.0779337882995605,0,train
210000,10.849058151245117,0,train
210300,31.621946334838867,0,train
210600,5.40755558013916,0,train
210900,1.1898753643035889,0,train
211200,9478.7109375,1,train
211500,4.053299903869629,0,train
211800,1.2602379322052002,0,train
212100,8.144560813903809,0,train
212400,8.145600318908691,0,train
212700,7.728489875793457,0,train
213000,7.45663595199585,0,train
213300,9.59138011932373,0,train
213600,9.552956581115723,0,train
213900,6.4656548500061035,0,train
214200,8.290472984313965,0,train
214500,8.68303394317627,0,train
214800,9.203448295593262,0,train
215100,6.1473307609558105,0,train
215400,8.552013397216797,0,train
215700,8.499898910522461,0,train
216000,10.329854965209961,0,train
216300,7.3889007568359375,0,train
216600,9.220004081726074,0,train
216900,7.932736396789551,0,train
217200,6.8305816650390625,0,train
217500,9.381479263305664,0,train
217800,9.356673240661621,0,train
218100,9.099099159240723,0,train
218400,9.044514656066895,0,train
218700,6.79954719543457,0,train
219000,101.41829681396484,1,train
219300,8.459380149841309,0,train
219600,10.36384105682373,0,train
219900,1.4959845542907715,0,train
220200,9.182522773742676,0,train
220500,9.174789428710938,0,train
220800,8.524746894836426,0,train
221100,9.52745246887207,0,train
221400,8.592397689819336,0,train
221700,9.10815143585205,0,train
222000,7.752751350402832,0,train
222300,2.601409673690796,0,train
222600,8.065167427062988,0,train
222900,9.448071479797363,0,train
223200,8.116145133972168,0,train
223500,8.080533027648926,0,train
223800,6.7078351974487305,0,train
224100,9.200065612792969,0,train
224400,9.254950523376465,0,train
224700,8.814887046813965,0,train
225000,7.72373104095459,0,train
225300,9.017605781555176,0,train
225600,5.334360599517822,0,train
225900,3.121249198913574,0,train
226200,124.37203216552734,1,train
226500,8.914687156677246,0,train
226800,6.983860969543457,0,train
227100,8.839665412902832,0,train
227400,8.865015029907227,0,train
227700,10.235648155212402,0,train
228000,8.504159927368164,0,train
228300,10.019596099853516,0,train
228600,8.276535987854004,0,train
228900,8.790367126464844,0,train
229200,8.7906494140625,0,train
229500,5.265746116638184,0,train
229800,7.062301158905029,0,train
230100,10.738306999206543,0,train
230400,9.5358247756958,0,train
230700,9.817837715148926,0,train
231000,9.273728370666504,0,train
231300,10.925102233886719,0,train
231600,9.272342681884766,0,train
231900,11.199748992919922,0,train
232200,9.106551170349121,0,train
232500,10.184828758239746,0,train
232800,9.606155395507812,0,train
233100,13.913542747497559,0,train
233400,7.185079097747803,0,train
233700,11.05434799194336,0,train
234000,9.790133476257324,0,train
234300,10.81280517578125,0,train
234600,9.910505294799805,0,train
234900,9.304437637329102,0,train
235200,9.811819076538086,0,train
235500,12.625709533691406,0,train
235800,9.873000144958496,0,train
236100,11.021827697753906,0,train
236400,7.663947582244873,0,train
236700,5.786877632141113,0,train
237000,7.751623630523682,0,train
237300,11.476454734802246,0,train
237600,10.182541847229004,0,train
237900,9.301106452941895,0,train
238200,10.36406135559082,0,train
238500,11.275840759277344,0,train
238800,10.262659072875977,0,train
239100,11.919093132019043,0,train
239400,9.759483337402344,0,train
239700,11.57047176361084,0,train
240000,6.931057453155518,0,train
240300,8.010966300964355,0,train
240600,8.211792945861816,0,train
240900,11.43890380859375,0,train
241200,9.882974624633789,0,train
241500,11.420377731323242,0,train
241800,10.334369659423828,0,train
242100,12.512642860412598,0,train
242400,10.586904525756836,0,train
242700,13.130898475646973,0,train
243000,11.34163761138916,0,train
243300,11.765841484069824,0,train
243600,9.134336471557617,0,train
243900,5.1755452156066895,0,train
244200,8.416292190551758,0,train
244500,12.234213829040527,0,train
244800,9.860553741455078,0,train
245100,11.225768089294434,0,train
245400,9.865828514099121,0,train
245700,12.086352348327637,0,train
246000,10.722593307495117,0,train
246300,12.21390151977539,0,train
246600,10.874702453613281,0,train
246900,11.75840950012207,0,train
247200,10.230738639831543,0,train
247500,3.9456403255462646,0,train
247800,5.53821325302124,0,train
248100,8.230246543884277,0,train
248400,9.585624694824219,0,train
248700,11.053771018981934,0,train
249000,10.720046997070312,0,train
249300,12.648679733276367,0,train
249600,11.612459182739258,0,train
249900,12.337182998657227,0,train
250200,9.966297149658203,0,train
250500,11.134566307067871,0,train
250800,3.3789138793945312,0,train
251100,5.60194730758667,0,train
251400,7.351027965545654,0,train
251700,11.377995491027832,0,train
252000,8.870604515075684,0,train
252300,10.82508373260498,0,train
252600,10.074936866760254,0,train
252900,12.51673412322998,0,train
253200,10.182101249694824,0,train
253500,11.735651969909668,0,train
253800,11.062491416931152,0,train
254100,11.814983367919922,0,train
254400,6.539002418518066,0,train
254700,8.051024436950684,0,train
255000,6.850019454956055,0,train
255300,12.289341926574707,0,train
255600,10.372026443481445,0,train
255900,10.291627883911133,0,train
256200,10.16791820526123,0,train
256500,11.284942626953125,0,train
256800,8.12986946105957,0,train
257100,10.41220760345459,0,train
257400,9.041963577270508,0,train
257700,10.080944061279297,0,train
258000,7.554949760437012,0,train
258300,5.006163120269775,0,train
258600,6.1973443031311035,0,train
258900,10.005651473999023,0,train
259200,9.469562530517578,0,train
259500,9.719555854797363,0,train
259800,9.06777572631836,0,train
260100,10.335433959960938,0,train
260400,9.385699272155762,0,train
260700,13.51956558227539,0,train
261000,8.451114654541016,0,train
261300,13.04981803894043,0,train
261600,16.381385803222656,0,train
261900,3.9458489418029785,0,train
262200,6.71083927154541,0,train
262500,11.183135986328125,0,train
262800,9.478565216064453,0,train
263100,9.65670394897461,0,train
263400,5.2839226722717285,0,train
263700,10.051450729370117,0,train
264000,8.779497146606445,0,train
264300,11.192031860351562,0,train
264600,8.320734977722168,0,train
264900,10.570576667785645,0,train
265200,5.33628511428833,0,train
265500,5.40576171875,0,train
265800,6.062077045440674,0,train
266100,10.559430122375488,0,train
266400,8.507829666137695,0,train
266700,11.055038452148438,0,train
267000,9.729381561279297,0,train
267300,10.938528060913086,0,train
267600,8.804644584655762,0,train
267900,10.816916465759277,0,train
268200,9.221081733703613,0,train
268500,10.87830924987793,0,train
268800,4.380892276763916,0,train
269100,5.520991802215576,0,train
269400,6.064608097076416,0,train
269700,10.635619163513184,0,train
270000,9.941413879394531,0,train
270300,9.523905754089355,0,train
270600,10.888543128967285,0,train
270900,9.390697479248047,0,train
271200,10.83027458190918,0,train
271500,9.995661735534668,0,train
271800,10.991013526916504,0,train
272100,10.006646156311035,0,train
272400,7.3550639152526855,0,train
272700,4.496041774749756,0,train
273000,8.439931869506836,0,train
273300,8.99643611907959,0,train
273600,10.792712211608887,0,train
273900,9.117713928222656,0,train
274200,10.468378067016602,0,train
274500,10.04644775390625,0,train
274800,10.660529136657715,0,train
275100,10.209074020385742,0,train
275400,10.355793952941895,0,train
275700,8.884649276733398,0,train
276000,7.463369846343994,0,train
276300,5.479289531707764,0,train
276600,7.5491414070129395,0,train
276900,10.01998519897461,0,train
277200,10.392498970031738,0,train
277500,8.9451322555542,0,train
277800,10.916913986206055,0,train
278100,6.738320827484131,0,train
278400,11.408909797668457,0,train
278700,9.922904968261719,0,train
279000,10.136871337890625,0,train
279300,10.44204330444336,0,train
279600,9.778087615966797,0,train
279900,2.730119228363037,0,train
280200,8.780074119567871,0,train
280500,9.440336227416992,0,train
280800,10.615626335144043,0,train
281100,8.326539993286133,0,train
281400,11.622990608215332,0,train
281700,10.703998565673828,0,train
282000,11.333324432373047,0,train
282300,9.912016868591309,0,train
282600,10.990586280822754,0,train
282900,11.025729179382324,0,train
283200,8.75887393951416,0,train
283500,5.935774326324463,0,train
283800,8.683540344238281,0,train
284100,9.947053909301758,0,train
284400,11.229414939880371,0,train
284700,9.46891975402832,0,train
285000,11.06594181060791,0,train
285300,10.991945266723633,0,train
285600,11.554842948913574,0,train
285900,9.93205451965332,0,train
286200,10.908687591552734,0,train
286500,9.178574562072754,0,train
286800,8.414471626281738,0,train
287100,4.747065544128418,0,train
287400,7.084133148193359,0,train
287700,9.07424259185791,0,train
288000,10.313490867614746,0,train
288300,9.190762519836426,0,train
288600,10.269598007202148,0,train
288900,9.59203052520752,0,train
289200,11.515009880065918,0,train
289500,11.4321928024292,0,train
289800,11.861980438232422,0,train
290100,10.583101272583008,0,train
290400,8.197935104370117,0,train
290700,4.643039703369141,0,train
291000,9.184343338012695,0,train
291300,9.630729675292969,0,train
291600,11.32392406463623,0,train
291900,9.120975494384766,0,train
292200,10.904996871948242,0,train
292500,10.265002250671387,0,train
292800,10.569755554199219,0,train
293100,10.657238960266113,0,train
293400,11.283666610717773,0,train
293700,10.487913131713867,0,train
294000,9.50760555267334,0,train
294300,4.317457675933838,0,train
294600,8.936563491821289,0,train
294900,9.163774490356445,0,train
295200,10.83584976196289,0,train
295500,8.477761268615723,0,train
295800,10.8767671585083,0,train
296100,10.270549774169922,0,train
296400,11.130766868591309,0,train
296700,9.893860816955566,0,train
297000,10.258143424987793,0,train
297300,9.183379173278809,0,train
297600,10.346254348754883,0,train
297900,2.971501588821411,0,train
298200,8.818333625793457,0,train
298500,8.914054870605469,0,train
298800,10.365604400634766,0,train
299100,8.268352508544922,0,train
299400,10.132097244262695,0,train
299700,9.038675308227539,0,train
300000,10.783185958862305,0,train
300300,9.970462799072266,0,train
300600,10.220090866088867,0,train
300900,10.069148063659668,0,train
301200,7.372408866882324,0,train
301500,5.743146896362305,0,train
301800,8.778763771057129,0,train
302100,8.495491027832031,0,train
302400,10.575082778930664,0,train
302700,8.579444885253906,0,train
303000,10.846267700195312,0,train
303300,9.903145790100098,0,train
303600,9.537759780883789,0,train
303900,10.804878234863281,0,train
304200,10.641473770141602,0,train
304500,9.761795997619629,0,train
304800,9.559938430786133,0,train
305100,4.957738399505615,0,train
305400,8.673208236694336,0,train
305700,10.273636817932129,0,train
306000,11.517763137817383,0,train
306300,5.764358043670654,0,train
306600,6.227597713470459,0,train
306900,9.585655212402344,0,train
307200,11.165144920349121,0,train
307500,10.029458045959473,0,train
307800,11.04107666015625,0,train
308100,9.473999977111816,0,train
308400,9.47642707824707,0,train
308700,3.9152133464813232,0,train
309000,8.528931617736816,0,train
309300,10.020718574523926,0,train
309600,10.482597351074219,0,train
309900,9.687135696411133,0,train
310200,10.185900688171387,0,train
310500,10.7584228515625,0,train
310800,10.869540214538574,0,train
311100,11.20740795135498,0,train
311400,10.805152893066406,0,train
311700,10.562520027160645,0,train
312000,3.7509777545928955,0,train
312300,2.001020908355713,0,train
312600,4.9719719886779785,0,train
312900,3.880838394165039,0,train
313200,10.784205436706543,0,train
313500,8.372086524963379,0,train
313800,10.690467834472656,0,train
314100,10.61913013458252,0,train
314400,11.43400764465332,0,train
314700,10.02005672454834,0,train
315000,11.248011589050293,0,train
315300,10.967134475708008,0,train
315600,7.001173973083496,0,train
315900,4.517609596252441,0,train
316200,9.212761878967285,0,train
316500,10.341934204101562,0,train
316800,12.055785179138184,0,train
317100,10.232889175415039,0,train
317400,11.091531753540039,0,train
317700,11.175199508666992,0,train
318000,10.549588203430176,0,train
318300,10.207381248474121,0,train
318600,10.740510940551758,0,train
318900,11.027350425720215,0,train
319200,9.685829162597656,0,train
319500,6.130589008331299,0,train
319800,8.515582084655762,0,train
320100,9.70218276977539,0,train
320400,10.99293327331543,0,train
320700,8.973132133483887,0,train
321000,6.310893535614014,0,train
321300,10.756882667541504,0,train
321600,12.437524795532227,0,train
321900,11.699687957763672,0,train
322200,12.06588363647461,0,train
322500,11.3187255859375,0,train
322800,10.271031379699707,0,train
323100,6.33074951171875,0,train
323400,10.783029556274414,0,train
323700,10.924378395080566,0,train
324000,11.481863021850586,0,train
324300,9.825082778930664,0,train
324600,12.232637405395508,0,train
324900,11.365792274475098,0,train
325200,12.939022064208984,0,train
325500,11.777484893798828,0,train
325800,12.030951499938965,0,train
326100,11.512368202209473,0,train
326400,9.938950538635254,0,train
326700,4.672977924346924,0,train
327000,8.453885078430176,0,train
327300,8.83603572845459,0,train
327600,10.356094360351562,0,train
327900,8.779423713684082,0,train
328200,10.511109352111816,0,train
328500,9.844765663146973,0,train
328800,9.98927116394043,0,train
329100,8.756611824035645,0,train
329400,9.680527687072754,0,train
329700,9.097350120544434,0,train
330000,6.638388633728027,0,train
330300,2.9111080169677734,0,train
330600,7.748213291168213,0,train
330900,9.49576473236084,0,train
331200,9.031630516052246,0,train
331500,6.771651744842529,0,train
331800,10.474509239196777,0,train
332100,10.045465469360352,0,train
332400,12.023447036743164,0,train
332700,10.232580184936523,0,train
333000,10.91306209564209,0,train
333300,9.993609428405762,0,train
333600,9.28078556060791,0,train
333900,4.886702537536621,0,train
334200,8.74996566772461,0,train
334500,10.336572647094727,0,train
334800,11.023906707763672,0,train
335100,9.301809310913086,0,train
335400,11.141900062561035,0,train
335700,9.984524726867676,0,train
336000,11.385353088378906,0,train
336300,10.276055335998535,0,train
336600,10.493829727172852,0,train
336900,9.122960090637207,0,train
337200,9.061528205871582,0,train
337500,3.1311240196228027,0,train
337800,8.442472457885742,0,train
338100,9.62844181060791,0,train
338400,11.521880149841309,0,train
338700,9.32702922821045,0,train
339000,10.700170516967773,0,train
339300,9.991811752319336,0,train
339600,11.12225341796875,0,train
339900,11.528457641601562,0,train
340200,12.657294273376465,0,train
340500,10.32977294921875,0,train
340800,8.27263069152832,0,train
341100,4.922861576080322,0,train
341400,9.179024696350098,0,train
341700,10.941387176513672,0,train
342000,9.03316879272461,0,train
342300,7.6582489013671875,0,train
342600,10.97594928741455,0,train
342900,10.400123596191406,0,train
343200,11.94325065612793,0,train
343500,10.705161094665527,0,train
343800,12.173089981079102,0,train
344100,9.745479583740234,0,train
344400,9.93329906463623,0,train
344700,4.9467315673828125,0,train
345000,9.422203063964844,0,train
345300,10.4088716506958,0,train
345600,12.69221019744873,0,train
345900,8.98515796661377,0,train
346200,11.295038223266602,0,train
346500,9.785719871520996,0,train
346800,11.477279663085938,0,train
347100,10.412619590759277,0,train
347400,11.1259126663208,0,train
347700,9.133676528930664,0,train
348000,9.258931159973145,0,train
348300,6.5068254470825195,0,train
348600,10.558306694030762,0,train
348900,10.891039848327637,0,train
349200,11.406478881835938,0,train
349500,11.426770210266113,0,train
349800,10.420507431030273,0,train
350100,11.982111930847168,0,train
350400,10.768758773803711,0,train
350700,12.913164138793945,0,train
351000,11.542402267456055,0,train
351300,12.016880989074707,0,train
351600,8.562808990478516,0,train
351900,6.232309341430664,0,train
352200,7.998956203460693,0,train
352500,10.400242805480957,0,train
352800,9.029220581054688,0,train
353100,9.9195556640625,0,train
353400,9.276272773742676,0,train
353700,10.670037269592285,0,train
354000,10.022454261779785,0,train
354300,11.703338623046875,0,train
354600,8.505928993225098,0,train
354900,11.421696662902832,0,train
355200,6.430454730987549,0,train
355500,4.485527515411377,0,train
355800,5.446629524230957,0,train
356100,8.63621997833252,0,train
356400,7.288721561431885,0,train
356700,11.001644134521484,0,train
357000,9.983072280883789,0,train
357300,11.658735275268555,0,train
357600,11.330883979797363,0,train
357900,11.549592018127441,0,train
358200,10.039314270019531,0,train
358500,12.587085723876953,0,train
358800,7.1130523681640625,0,train
359100,8.760673522949219,0,train
359400,7.122677803039551,0,train
359700,9.609291076660156,0,train
360000,8.341108322143555,0,train
360300,9.700944900512695,0,train
360600,9.626501083374023,0,train
360900,12.57835865020752,0,train
361200,11.187933921813965,0,train
361500,12.585331916809082,0,train
361800,9.590993881225586,0,train
362100,12.3073148727417,0,train
362400,7.735588073730469,0,train
362700,6.089761257171631,0,train
363000,7.808259010314941,0,train
363300,10.87409496307373,0,train
363600,10.68884563446045,0,train
363900,11.474452018737793,0,train
364200,11.064387321472168,0,train
364500,7.665657043457031,0,train
364800,17.311267852783203,0,train
365100,18.19523811340332,0,train
365400,18.817516326904297,0,train
365700,18.95028305053711,0,train
366000,17.243776321411133,0,train
366300,16.326683044433594,0,train
366600,17.19973373413086,0,train
366900,17.281967163085938,0,train
367200,18.574857711791992,0,train
367500,16.817230224609375,0,train
367800,17.31838035583496,0,train
368100,16.69065284729004,0,train
368400,17.23609161376953,0,train
368700,17.718050003051758,0,train
369000,19.80295753479004,0,train
369300,19.670503616333008,0,train
369600,18.381053924560547,0,train
369900,17.80526351928711,0,train
370200,17.56257438659668,0,train
370500,17.345788955688477,0,train
370800,18.116159439086914,0,train
371100,17.619918823242188,0,train
371400,23.151195526123047,0,train
371700,20.63345718383789,0,train
372000,18.51312828063965,0,train
372300,18.344097137451172,0,train
372600,18.355670928955078,0,train
372900,18.495912551879883,0,train
373200,16.104318618774414,0,train
373500,16.72092056274414,0,train
373800,17.029891967773438,0,train
374100,18.623241424560547,0,train
374400,17.28237533569336,0,train
374700,17.257057189941406,0,train
375000,14.78522777557373,0,train
375300,11.769777297973633,0,train
375600,9.251949310302734,0,train
375900,12.000727653503418,0,train
376200,9.884441375732422,0,train
376500,12.176145553588867,0,train
376800,7.496884346008301,0,train
377100,7.236727237701416,0,train
377400,8.679313659667969,0,train
377700,10.90134048461914,0,train
378000,10.357573509216309,0,train
378300,11.388727188110352,0,train
378600,9.602622032165527,0,train
378900,12.198443412780762,0,train
379200,11.023972511291504,0,train
379500,11.935624122619629,0,train
379800,10.227676391601562,0,train
380100,11.169422149658203,0,train
380400,5.168661117553711,0,train
380700,7.561821460723877,0,train
381000,9.104909896850586,0,train
381300,11.188316345214844,0,train
381600,10.474405288696289,0,train
381900,11.77333927154541,0,train
382200,10.104625701904297,0,train
382500,13.131810188293457,0,train
382800,10.793427467346191,0,train
383100,11.715252876281738,0,train
383400,10.75081729888916,0,train
383700,11.639619827270508,0,train
384000,6.724511623382568,0,train
384300,6.043206691741943,0,train
384600,8.04637622833252,0,train
384900,10.507841110229492,0,train
385200,9.72028923034668,0,train
385500,10.63930606842041,0,train
385800,9.93432331085205,0,train
386100,11.830267906188965,0,train
386400,10.179936408996582,0,train
386700,12.764345169067383,0,train
387000,9.698625564575195,0,train
387300,11.540626525878906,0,train
387600,7.253011703491211,0,train
387900,8.137848854064941,0,train
388200,8.097479820251465,0,train
388500,9.84646224975586,0,train
388800,9.322264671325684,0,train
389100,10.679640769958496,0,train
389400,9.429594039916992,0,train
389700,11.020261764526367,0,train
390000,9.795747756958008,0,train
390300,12.068495750427246,0,train
390600,8.977375984191895,0,train
390900,10.93958568572998,0,train
391200,6.17142915725708,0,train
391500,8.00953197479248,0,train
391800,7.533138275146484,0,train
392100,10.484247207641602,0,train
392400,10.387417793273926,0,train
392700,10.08938217163086,0,train
393000,10.138480186462402,0,train
393300,11.962078094482422,0,train
393600,9.410082817077637,0,train
393900,11.57943058013916,0,train
394200,9.950776100158691,0,train
394500,11.516804695129395,0,train
394800,8.82479476928711,0,train
395100,5.5392842292785645,0,train
395400,7.4912028312683105,0,train
395700,10.661788940429688,0,train
396000,9.713690757751465,0,train
396300,10.858320236206055,0,train
396600,9.515836715698242,0,train
396900,11.21292781829834,0,train
397200,9.387280464172363,0,train
397500,11.521718978881836,0,train
397800,9.552022933959961,0,train
398100,11.775821685791016,0,train
398400,5.762915134429932,0,train
398700,4.045001983642578,0,train
399000,1.9057660102844238,0,train
399300,10.879130363464355,0,train
399600,8.98570728302002,0,train
399900,9.541810035705566,0,train
400200,9.106670379638672,0,train
400500,11.818675994873047,0,train
400800,9.460516929626465,0,train
401100,11.26950454711914,0,train
401400,10.130464553833008,0,train
401700,11.140101432800293,0,train
402000,8.701268196105957,0,train
402300,6.164426326751709,0,train
402600,7.782066345214844,0,train
402900,11.312715530395508,0,train
403200,10.224777221679688,0,train
403500,11.155112266540527,0,train
403800,10.09592056274414,0,train
404100,12.526305198669434,0,train
404400,11.056723594665527,0,train
404700,12.133429527282715,0,train
405000,10.188136100769043,0,train
405300,11.215641975402832,0,train
405600,9.000866889953613,0,train
405900,4.224273204803467,0,train
406200,7.767457962036133,0,train
406500,10.61668872833252,0,train
406800,9.951911926269531,0,train
407100,10.146513938903809,0,train
407400,9.113117218017578,0,train
407700,12.79723834991455,0,train
408000,11.426570892333984,0,train
408300,12.539449691772461,0,train
408600,11.074347496032715,0,train
408900,12.487624168395996,0,train
409200,7.746494770050049,0,train
409500,6.7897138595581055,0,train
409800,8.807908058166504,0,train
410100,12.277193069458008,0,train
410400,10.677504539489746,0,train
410700,11.085683822631836,0,train
411000,9.954290390014648,0,train
411300,12.041643142700195,0,train
411600,10.38582992553711,0,train
411900,11.696151733398438,0,train
412200,9.533059120178223,0,train
412500,11.656261444091797,0,train
412800,7.733332633972168,0,train
413100,6.1433210372924805,0,train
413400,8.048765182495117,0,train
413700,11.355010986328125,0,train
414000,10.834280967712402,0,train
414300,10.213443756103516,0,train
414600,10.008923530578613,0,train
414900,11.463582992553711,0,train
415200,9.883095741271973,0,train
415500,11.354020118713379,0,train
415800,10.836894989013672,0,train
416100,11.52099323272705,0,train
416400,9.701894760131836,0,train
416700,5.0533528327941895,0,train
417000,9.172274589538574,0,train
417300,11.104424476623535,0,train
417600,10.997066497802734,0,train
417900,10.441635131835938,0,train
418200,9.730466842651367,0,train
418500,11.403849601745605,0,train
418800,10.51638412475586,0,train
419100,12.94748592376709,0,train
419400,10.757071495056152,0,train
419700,13.835247039794922,0,train
420000,6.981601238250732,0,test
420300,6.544295787811279,0,test
420600,7.165444374084473,0,test
420900,8.143977165222168,0,test
421200,8.583902359008789,0,test
421500,10.382393836975098,0,test
421800,9.260306358337402,0,test
422100,11.722787857055664,0,test
422400,10.499980926513672,0,test
422700,12.511981964111328,0,test
423000,11.560032844543457,0,test
423300,12.85470962524414,0,test
423600,9.323190689086914,0,test
423900,7.359035491943359,0,test
424200,8.336877822875977,0,test
424500,11.107854843139648,0,test
424800,10.515917778015137,0,test
425100,11.394204139709473,0,test
425400,9.3407621383667,0,test
425700,12.154065132141113,0,test
426000,10.348694801330566,0,test
426300,11.970189094543457,0,test
426600,11.033313751220703,0,test
426900,12.05717945098877,0,test
427200,4.882745742797852,0,test
427500,6.7378950119018555,0,test
427800,8.412492752075195,0,test
428100,9.810449600219727,0,test
428400,9.472135543823242,0,test
428700,11.320570945739746,0,test
429000,11.360672950744629,0,test
429300,11.646462440490723,0,test
429600,11.914650917053223,0,test
429900,10.03221321105957,0,test
430200,10.054219245910645,0,test
430500,8.419149398803711,0,test
430800,5.598178863525391,0,test
431100,4.217493534088135,0,test
431400,8.359368324279785,0,test
431700,9.829099655151367,0,test
432000,11.456624984741211,0,test
432300,9.331222534179688,0,test
432600,10.434876441955566,0,test
432900,10.425443649291992,0,test
433200,12.273681640625,0,test
433500,11.216094970703125,0,test
433800,11.836880683898926,0,test
434100,10.667815208435059,0,test
434400,7.804182052612305,0,test
434700,5.391890525817871,0,test
435000,9.076595306396484,0,test
435300,10.025012016296387,0,test
435600,11.856649398803711,0,test
435900,9.860140800476074,0,test
436200,10.873225212097168,0,test
436500,11.258854866027832,0,test
436800,11.842333793640137,0,test
437100,11.70999526977539,0,test
437400,12.123746871948242,0,test
437700,10.775184631347656,0,test
438000,8.509885787963867,0,test
438300,6.371463775634766,0,test
438600,8.713704109191895,0,test
438900,9.370128631591797,0,test
439200,10.847676277160645,0,test
439500,9.936933517456055,0,test
439800,11.43464183807373,0,test
440100,10.636563301086426,0,test
440400,12.459172248840332,0,test
440700,10.828746795654297,0,test
441000,11.690917015075684,0,test
441300,10.82231616973877,0,test
441600,8.60013484954834,0,test
441900,5.124877452850342,0,test
442200,9.576472282409668,0,test
442500,9.804485321044922,0,test
442800,10.563736915588379,0,test
443100,9.46554946899414,0,test
443400,11.345012664794922,0,test
443700,9.559111595153809,0,test
444000,12.06588363647461,0,test
444300,10.183724403381348,0,test
444600,11.47655200958252,0,test
444900,10.361507415771484,0,test
445200,11.123976707458496,0,test
445500,5.684783458709717,0,test
445800,10.178773880004883,0,test
446100,11.336034774780273,0,test
446400,11.618131637573242,0,test
446700,9.916409492492676,0,test
447000,11.93555736541748,0,test
447300,11.496773719787598,0,test
447600,13.030041694641113,0,test
447900,11.622919082641602,0,test
448200,12.087624549865723,0,test
448500,10.949419975280762,0,test
448800,8.660425186157227,0,test
449100,6.148299217224121,0,test
449400,9.064908981323242,0,test
449700,9.415088653564453,0,test
450000,9.783961296081543,0,test
450300,9.071660995483398,0,test
450600,9.675741195678711,0,test
450900,7.571852207183838,0,test
451200,8.333864212036133,0,test
451500,10.934724807739258,0,test
451800,11.185407638549805,0,test
452100,9.33084487915039,0,test
452400,8.498276710510254,0,test
452700,6.32908296585083,0,test
453000,9.217175483703613,0,test
453300,9.315296173095703,0,test
453600,9.975500106811523,0,test
453900,8.709890365600586,0,test
454200,5.699030876159668,0,test
454500,7.828481197357178,0,test
454800,6.727875232696533,0,test
455100,2.1936593055725098,0,test
455400,7.156527519226074,0,test
455700,7.317154884338379,0,test
456000,4.321470260620117,0,test
456300,2.848938226699829,0,test
456600,4.407734394073486,0,test
456900,5.624024868011475,0,test
457200,6.1626105308532715,0,test
457500,5.1244964599609375,0,test
457800,8.977108001708984,0,test
458100,4.709805011749268,0,test
458400,4.038449764251709,0,test
458700,5.505046844482422,0,test
459000,4.544143199920654,0,test
459300,4.769730567932129,0,test
459600,3.1578187942504883,0,test
459900,4.44028377532959,0,test
460200,6.065684795379639,0,test
460500,3.775916337966919,0,test
460800,2.0218286514282227,0,test
461100,1.764371633529663,0,test
461400,20.58153533935547,0,test
461700,3.912050724029541,0,test
462000,4.905570030212402,0,test
462300,5.97166633605957,0,test
462600,6.1435112953186035,0,test
462900,4.174256801605225,0,test
463200,6.693526744842529,0,test
463500,5.2030510902404785,0,test
463800,6.255507469177246,0,test
464100,6.405684471130371,0,test
464400,5.295716285705566,0,test
464700,23.827720642089844,0,test
465000,7.450591564178467,0,test
465300,6.666066646575928,0,test
465600,7.155822277069092,0,test
465900,7.0899481773376465,0,test
466200,6.7446441650390625,0,test
466500,2.8052172660827637,0,test
466800,6.4757890701293945,0,test
467100,4.8647589683532715,0,test
467400,7.961215019226074,0,test
467700,7.015798091888428,0,test
468000,8.380260467529297,0,test
468300,6.342494487762451,0,test
468600,10.390869140625,0,test
468900,6.463067531585693,0,test
469200,5.413639068603516,0,test
469500,7.523741722106934,0,test
469800,5.799165725708008,0,test
470100,6.542819023132324,0,test
470400,6.009140968322754,0,test
470700,4.345136642456055,0,test
471000,6.490005970001221,0,test
471300,5.894863128662109,0,test
471600,5.514668941497803,0,test
471900,7.205348491668701,0,test
472200,5.23063325881958,0,test
472500,8.040703773498535,0,test
472800,7.512404441833496,0,test
473100,5.4600138664245605,0,test
473400,6.653506755828857,0,test
473700,8.785188674926758,0,test
474000,6.170078277587891,0,test
474300,6.757948398590088,0,test
474600,5.917482852935791,0,test
474900,9.227375030517578,0,test
475200,6.784629821777344,0,test
475500,8.575952529907227,0,test
475800,6.4744343757629395,0,test
476100,6.607870578765869,0,test
476400,6.034743309020996,0,test
476700,7.56296443939209,0,test
477000,83.53095245361328,1,test
477300,6.85090446472168,0,test
477600,6.830448150634766,0,test
477900,6.491602420806885,0,test
478200,6.895744323730469,0,test
478500,6.691318511962891,0,test
478800,7.029366970062256,0,test
479100,5.617785930633545,0,test
479400,6.025905132293701,0,test
479700,7.54986047744751,0,test
480000,5.472858428955078,0,test
480300,6.975078105926514,0,test
480600,6.467080116271973,0,test
480900,6.085999488830566,0,test
481200,4.203723907470703,0,test
481500,4.9166646003723145,0,test
481800,5.760823726654053,0,test
482100,6.286827564239502,0,test
482400,7.298634052276611,0,test
482700,6.597320079803467,0,test
483000,6.125422477722168,0,test
483300,3.6617212295532227,0,test
483600,3.0066990852355957,0,test
483900,6.255268573760986,0,test
484200,7.3148088455200195,0,test
484500,7.893796920776367,0,test
484800,7.353520393371582,0,test
485100,5.2586517333984375,0,test
485400,6.06410551071167,0,test
485700,5.7970871925354,0,test
486000,7.314212322235107,0,test
486300,6.2894182205200195,0,test
486600,13.662432670593262,0,test
486900,6.788305759429932,0,test
487200,7.278562068939209,0,test
487500,6.460441589355469,0,test
487800,7.8405303955078125,0,test
488100,8.64242935180664,0,test
488400,6.479735374450684,0,test
488700,7.448753356933594,0,test
489000,6.255194187164307,0,test
489300,13.222412109375,0,test
489600,8.512385368347168,0,test
489900,6.844666004180908,0,test
490200,6.870155334472656,0,test
490500,7.544595718383789,0,test
490800,6.433785438537598,0,test
491100,7.072971343994141,0,test
491400,14.603835105895996,0,test
491700,36.722373962402344,0,test
492000,19.562763214111328,0,test
492300,6.1238789558410645,0,test
492600,8.888450622558594,0,test
492900,68.43868255615234,1,test
493200,8.204689979553223,0,test
493500,8.9500150680542,0,test
493800,9.203740119934082,0,test
494100,7.931393146514893,0,test
494400,10.261735916137695,0,test
494700,10.992773056030273,0,test
495000,10.34611701965332,0,test
495300,10.709672927856445,0,test
495600,8.692225456237793,0,test
495900,9.050658226013184,0,test
496200,10.185469627380371,0,test
496500,10.0656156539917,0,test
496800,10.69198989868164,0,test
497100,19.7767276763916,0,test
497400,21.778146743774414,0,test
497700,14.735404014587402,0,test
498000,6.815542697906494,0,test
498300,11.222648620605469,0,test
498600,8.901415824890137,0,test
498900,11.191134452819824,0,test
499200,8.18545913696289,0,test
499500,7.679475784301758,0,test
499800,7.318939685821533,0,test
500100,10.05176067352295,0,test
500400,7.905739784240723,0,test
500700,9.833235740661621,0,test
501000,8.945446968078613,0,test
501300,7.626519203186035,0,test
501600,9.764636993408203,0,test
501900,10.644932746887207,0,test
502200,8.09664535522461,0,test
502500,10.22689151763916,0,test
502800,11.076522827148438,0,test
503100,7.532302379608154,0,test
503400,11.002245903015137,0,test
503700,10.127214431762695,0,test
504000,11.996424674987793,0,test
504300,9.703017234802246,0,test
504600,11.629352569580078,0,test
504900,10.077743530273438,0,test
505200,11.712386131286621,0,test
505500,10.662907600402832,0,test
505800,11.774086952209473,0,test
506100,10.925766944885254,0,test
506400,10.510692596435547,0,test
506700,7.45564079284668,0,test
507000,16.854543685913086,0,test
507300,6.693456172943115,0,test
507600,8.573237419128418,0,test
507900,8.501312255859375,0,test
508200,10.402226448059082,0,test
508500,10.846314430236816,0,test
508800,11.167531967163086,0,test
509100,10.889581680297852,0,test
509400,12.253447532653809,0,test
509700,11.524125099182129,0,test
510000,10.12679672241211,0,test
510300,8.376684188842773,0,test
510600,11.4277925491333,0,test
510900,9.718955993652344,0,test
511200,12.354084014892578,0,test
511500,9.12326717376709,0,test
511800,10.988554954528809,0,test
512100,9.486714363098145,0,test
512400,12.488395690917969,0,test
512700,9.975898742675781,0,test
513000,12.123475074768066,0,test
513300,10.597081184387207,0,test
513600,9.933452606201172,0,test
513900,6.39979887008667,0,test
514200,10.599267959594727,0,test
514500,9.287928581237793,0,test
514800,12.233424186706543,0,test
515100,9.114852905273438,0,test
515400,11.134560585021973,0,test
515700,10.61069393157959,0,test
516000,12.540809631347656,0,test
516300,10.342096328735352,0,test
516600,12.26863956451416,0,test
516900,10.80864143371582,0,test
517200,8.441272735595703,0,test
517500,7.092693328857422,0,test
517800,10.566176414489746,0,test
518100,7.148289203643799,0,test
518400,18.3027400970459,0,test
518700,13.500212669372559,0,test
519000,14.497513771057129,0,test
519300,10.97580337524414,0,test
519600,11.719706535339355,0,test
519900,10.537325859069824,0,test
520200,12.427644729614258,0,test
520500,11.114721298217773,0,test
520800,9.259453773498535,0,test
521100,8.36356258392334,0,test
521400,10.358633041381836,0,test
521700,10.115671157836914,0,test
522000,11.423258781433105,0,test
522300,10.20228099822998,0,test
522600,10.585250854492188,0,test
522900,8.29006290435791,0,test
523200,13.131511688232422,0,test
523500,7.372561931610107,0,test
523800,11.416183471679688,0,test
524100,9.06476879119873,0,test
524400,9.059306144714355,0,test
524700,6.853592395782471,0,test
525000,10.581801414489746,0,test
525300,9.283438682556152,0,test
525600,10.932625770568848,0,test
525900,9.021988868713379,0,test
526200,10.073596954345703,0,test
526500,10.200106620788574,0,test
526800,12.344609260559082,0,test
527100,10.106886863708496,0,test
527400,11.1421537399292,0,test
527700,11.021339416503906,0,test
528000,8.702397346496582,0,test
528300,8.49503231048584,0,test
528600,10.102550506591797,0,test
528900,9.728438377380371,0,test
529200,11.4509859085083,0,test
529500,10.131101608276367,0,test
529800,11.106472969055176,0,test
530100,10.739869117736816,0,test
530400,11.968314170837402,0,test
530700,9.970746994018555,0,test
531000,11.154410362243652,0,test
531300,11.267748832702637,0,test
531600,10.418665885925293,0,test
531900,7.011206150054932,0,test
532200,10.63817024230957,0,test
532500,9.953563690185547,0,test
532800,11.931988716125488,0,test
533100,10.019203186035156,0,test
533400,11.28625202178955,0,test
533700,11.073144912719727,0,test
534000,12.514317512512207,0,test
534300,10.213006973266602,0,test
534600,12.043313026428223,0,test
534900,10.855436325073242,0,test
535200,10.544665336608887,0,test
535500,7.721067428588867,0,test
535800,10.970926284790039,0,test
536100,9.674168586730957,0,test
536400,11.434539794921875,0,test
536700,9.845467567443848,0,test
537000,9.267820358276367,0,test
537300,7.9841437339782715,0,test
537600,12.469169616699219,0,test
537900,10.092045783996582,0,test
538200,12.259787559509277,0,test
538500,11.33932876586914,0,test
538800,9.497106552124023,0,test
539100,2.2240042686462402,0,test
539400,10.388734817504883,0,test
539700,9.223840713500977,0,test
540000,11.07825756072998,0,test
540300,9.07994270324707,0,test
540600,6.1702070236206055,0,test
540900,8.848058700561523,0,test
541200,2.7298402786254883,0,test
541500,9.039661407470703,0,test
541800,8.921375274658203,0,test
542100,7.617745399475098,0,test
542400,18.454511642456055,0,test
542700,5.42720365524292,0,test
543000,5.591331481933594,0,test
543300,5.422234535217285,0,test
543600,5.892629623413086,0,test
543900,5.608847618103027,0,test
544200,7.043711185455322,0,test
544500,6.685347080230713,0,test
544800,5.523441791534424,0,test
545100,7.023195743560791,0,test
545400,6.215476036071777,0,test
545700,6.052764415740967,0,test
546000,15.788527488708496,0,test
546300,33.16065979003906,0,test
546600,6.122933864593506,0,test
546900,5.993781566619873,0,test
547200,14.106452941894531,0,test
547500,29.409774780273438,0,test
547800,31.28360939025879,0,test
548100,18.952165603637695,0,test
548400,6.015192031860352,0,test
548700,6.885538578033447,0,test
549000,5.5132880210876465,0,test
549300,10.097489356994629,0,test
549600,5.62654447555542,0,test
549900,5.947962284088135,0,test
550200,6.587629318237305,0,test
550500,5.872836589813232,0,test
550800,7.117465496063232,0,test
551100,6.536524772644043,0,test
551400,9.053635597229004,0,test
551700,7.973289489746094,0,test
552000,5.165862560272217,0,test
552300,6.829415798187256,0,test
552600,7.295849800109863,0,test
552900,7.3462300300598145,0,test
553200,12.059489250183105,0,test
553500,6.4404754638671875,0,test
553800,6.080808162689209,0,test
554100,7.250429630279541,0,test
554400,6.262490749359131,0,test
554700,7.24521541595459,0,test
555000,9.524099349975586,0,test
555300,6.011685371398926,0,test
555600,7.746299743652344,0,test
555900,6.377687454223633,0,test
556200,13.180319786071777,0,test
556500,2.109208345413208,0,test
556800,4.7469801902771,0,test
557100,5.222738265991211,0,test
557400,6.2795329093933105,0,test
557700,5.058464527130127,0,test
558000,5.549583911895752,0,test
558300,6.224267482757568,0,test
558600,5.996610164642334,0,test
558900,6.666937828063965,0,test
559200,7.484631061553955,0,test
559500,8.457263946533203,0,test
559800,7.754003047943115,0,test
560100,7.881017208099365,0,test
560400,5.798363208770752,0,test
560700,153.732666015625,1,test
561000,7.431698322296143,0,test
561300,7.84041166305542,0,test
561600,6.818906784057617,0,test
561900,6.1427226066589355,0,test
562200,6.635593414306641,0,test
562500,7.941291332244873,0,test
562800,8.725091934204102,0,test
563100,6.046961307525635,0,test
563400,7.9320831298828125,0,test
563700,5.836914539337158,0,test
564000,6.86445951461792,0,test
564300,6.334193229675293,0,test
564600,8.388781547546387,0,test
564900,7.421451568603516,0,test
565200,7.954090595245361,0,test
565500,4.852859973907471,0,test
565800,6.516244888305664,0,test
566100,6.366227626800537,0,test
566400,6.9975433349609375,0,test
566700,6.6893534660339355,0,test
567000,7.507789134979248,0,test
567300,7.140465259552002,0,test
567600,8.414787292480469,0,test
567900,4.866796016693115,0,test
568200,7.522418022155762,0,test
568500,5.399312973022461,0,test
568800,8.022917747497559,0,test
569100,6.264922142028809,0,test
569400,6.540876388549805,0,test
569700,6.920114994049072,0,test
570000,6.600950241088867,0,test
570300,7.203259468078613,0,test
570600,7.715636253356934,0,test
570900,6.0182695388793945,0,test
571200,6.055165767669678,0,test
571500,12.48896312713623,0,test
571800,2.853520631790161,0,test
572100,5.434978485107422,0,test
572400,6.41420841217041,0,test
572700,6.28608512878418,0,test
573000,6.287163734436035,0,test
573300,7.604771137237549,0,test
573600,5.326855659484863,0,test
573900,6.044962406158447,0,test
574200,5.855954647064209,0,test
574500,5.972466468811035,0,test
574800,6.619431018829346,0,test
575100,6.334478378295898,0,test
575400,5.836983680725098,0,test
575700,7.196568012237549,0,test
576000,7.504024982452393,0,test
576300,7.030658721923828,0,test
576600,6.425578594207764,0,test
576900,3.3552656173706055,0,test
577200,6.861141204833984,0,test
577500,7.250621318817139,0,test
577800,316.1223449707031,1,test
578100,10.164149284362793,0,test
578400,5.155514240264893,0,test
578700,8.333495140075684,0,test
579000,8.327263832092285,0,test
579300,8.369221687316895,0,test
579600,8.476423263549805,0,test
579900,11.050469398498535,0,test
580200,9.571378707885742,0,test
580500,11.327783584594727,0,test
580800,10.425004959106445,0,test
581100,12.358954429626465,0,test
581400,9.956899642944336,0,test
581700,12.285290718078613,0,test
582000,9.866080284118652,0,test
582300,11.720772743225098,0,test
582600,10.398537635803223,0,test
582900,11.774900436401367,0,test
583200,7.622766494750977,0,test
583500,9.853057861328125,0,test
583800,9.923185348510742,0,test
584100,12.212965965270996,0,test
584400,11.267985343933105,0,test
584700,12.747757911682129,0,test
585000,10.220550537109375,0,test
585300,13.24150562286377,0,test
585600,10.608968734741211,0,test
585900,11.546217918395996,0,test
586200,10.678607940673828,0,test
586500,12.98369312286377,0,test
586800,9.297033309936523,0,test
587100,12.63998794555664,0,test
587400,10.4928560256958,0,test
587700,11.894413948059082,0,test
588000,11.364572525024414,0,test
588300,12.942107200622559,0,test
588600,10.23277759552002,0,test
588900,13.29281234741211,0,test
589200,11.687662124633789,0,test
589500,11.414487838745117,0,test
589800,12.131464004516602,0,test
590100,12.917679786682129,0,test
590400,10.21015739440918,0,test
590700,13.244688987731934,0,test
591000,11.287389755249023,0,test
591300,12.569286346435547,0,test
591600,11.749154090881348,0,test
591900,13.924023628234863,0,test
592200,10.614286422729492,0,test
592500,13.70347785949707,0,test
592800,10.525321960449219,0,test
593100,12.345245361328125,0,test
593400,11.08820915222168,0,test
593700,13.644868850708008,0,test
594000,8.07510757446289,0,test
594300,11.431523323059082,0,test
594600,11.112693786621094,0,test
594900,12.161176681518555,0,test
595200,11.711592674255371,0,test
595500,13.753275871276855,0,test
595800,10.781661987304688,0,test
596100,12.613482475280762,0,test
596400,11.23154067993164,0,test
596700,12.323409080505371,0,test
597000,11.33195686340332,0,test
597300,13.578752517700195,0,test
597600,9.955196380615234,0,test
597900,12.84030818939209,0,test
598200,11.406554222106934,0,test
598500,12.466289520263672,0,test
598800,11.248695373535156,0,test
599100,13.354527473449707,0,test
599400,10.980392456054688,0,test
599700,13.320934295654297,0,test
